ID_Cliente,Target_Risco
122889,0
123769,0
109336,0
121717,1
101763,1
107591,0
107323,0
109268,0
104015,1
118016,1
103627,0
104345,0
124111,0
109988,1
106924,0
110554,2
110585,0
111944,1
109466,2
110317,0
121101,0
120524,0
100420,0
113278,0
102504,0
118920,0
114489,0
118026,0
102436,3
118212,0
121472,0
123174,0
107289,0
122217,0
117851,2
104673,0
104406,1
118671,0
104215,0
112190,0
106951,1
110504,1
106091,0
102023,3
115052,1
103192,0
121954,0
112532,0
122812,0
116103,0
103206,0
105902,0
116116,0
117775,2
119547,1
107033,0
111101,0
112795,0
110211,0
118994,0
119856,1
116606,1
111245,1
114659,0
102276,0
102788,1
109121,1
112538,0
100914,0
122159,0
111926,0
107011,2
108729,0
115627,0
117924,1
111631,2
108322,0
108296,1
124300,0
109472,0
109475,0
122250,0
122651,1
124608,1
118808,0
100772,1
115632,3
102601,0
112259,1
114974,1
108562,0
108168,1
122848,0
104767,0
109321,0
118851,2
100047,0
124169,0
120577,2
123260,1
116883,1
100239,2
123997,0
101296,1
105830,0
123106,1
110239,0
122818,0
102722,0
117426,0
122271,3
120407,0
107866,0
107975,2
121505,0
103856,1
104705,0
103087,2
110411,0
103171,0
101853,0
106160,0
112042,0
102954,0
103601,0
113008,0
122315,0
121889,0
119290,0
113448,0
120485,0
105944,2
109614,0
114082,0
117250,0
101585,0
114143,0
115130,0
101917,0
117270,0
100638,0
112723,0
110408,0
112453,0
107230,0
101361,1
116849,0
107720,0
100901,3
111644,1
121695,1
101320,0
122970,2
104994,0
113040,1
106397,0
123747,1
105212,0
121961,0
104320,3
114407,0
116224,2
119521,0
122618,0
119270,1
112255,0
117374,3
104726,2
124107,0
111636,0
123943,0
114434,0
108904,0
104062,3
109083,2
119190,1
107880,1
100209,2
114828,0
111282,0
122885,0
111801,0
109183,0
118770,0
104139,0
121451,0
118457,0
111344,0
106439,2
122168,0
118973,2
113202,0
105713,0
102225,0
121820,0
112083,1
120378,0
105764,0
120556,0
123804,3
114242,0
117650,0
103684,0
118224,0
104121,0
100137,0
109290,0
124936,2
108210,0
114430,0
107619,0
124200,3
104622,0
100723,0
106981,1
100176,0
108121,0
119723,3
121587,0
107031,0
105093,2
104434,0
101106,1
112730,0
112915,2
103439,0
112140,1
112596,1
118787,0
118375,1
116938,1
112786,2
100790,0
103330,0
111138,0
110320,1
102109,0
114425,0
109721,1
124796,0
116313,0
122387,0
110917,0
100357,3
103883,1
104782,0
111904,1
100691,0
121577,0
111117,2
115246,0
123271,0
109067,0
108106,1
123115,3
105737,1
105038,0
116943,0
122565,0
111317,0
100993,2
122143,0
115557,2
102081,0
107887,3
100998,0
111805,3
123474,0
108550,0
124441,0
116564,0
120651,1
109360,1
116100,0
105446,1
107612,1
119126,1
111692,0
105401,0
106261,0
109539,0
108029,0
120721,1
121635,2
121350,0
116186,1
124029,0
103798,0
101994,0
113131,0
115441,0
111328,0
111458,0
100190,0
121254,2
119147,1
110797,0
107941,1
111209,0
115091,0
122898,0
109362,0
121469,1
117157,0
114998,0
121265,0
123124,2
106786,3
107994,0
105215,0
108000,0
113924,0
123090,0
113014,2
122209,0
120542,0
114943,0
119662,0
107379,0
109536,1
106794,0
113151,0
118764,0
101040,0
102464,0
111822,1
117785,0
120868,0
108662,2
101957,1
119829,1
121989,3
107833,0
112464,0
118838,0
124068,1
104921,0
107015,0
103650,0
103538,0
119313,0
100766,3
103475,0
105076,0
115309,0
100524,0
116337,1
107560,3
102624,1
113067,0
107624,1
110197,0
119778,0
123542,0
103068,0
118664,1
102998,0
101588,2
103168,0
116762,0
109872,1
103927,0
119532,0
124908,0
119697,0
107908,0
113814,0
111429,0
123499,0
114722,2
109335,0
102303,0
113510,1
120663,0
114225,0
120046,0
102088,0
103513,1
109262,0
123875,0
102826,0
103162,1
102396,1
102001,0
110629,2
122606,0
122846,0
103739,0
120771,0
104729,1
112646,1
117616,0
104531,0
101081,0
112133,2
105386,1
106589,1
107728,0
103318,1
103349,3
118565,0
116457,0
102411,1
116143,0
109200,1
110813,1
102289,2
103980,0
103459,0
110617,0
115322,1
119888,0
107554,0
110827,0
100429,0
104312,1
109675,1
113503,0
122831,0
102708,0
118765,0
112640,2
102551,2
110906,0
116026,0
103860,0
101022,0
101033,0
113909,0
103888,0
117668,0
101612,0
106426,3
116965,0
110545,1
109135,0
116388,0
112820,1
112644,0
111984,0
103960,0
122578,0
101638,1
116825,0
103803,0
107848,0
113698,0
106553,1
119763,0
107422,0
114043,1
120662,2
122542,2
106588,3
103943,2
110587,1
113562,0
110280,0
116067,1
115295,0
107001,2
122320,1
105561,0
115333,0
115175,0
122129,0
111397,0
108842,0
101395,0
110769,0
116723,2
100257,0
120623,0
108916,0
117735,1
108877,1
123658,0
101373,0
118636,2
104400,0
111655,0
121751,2
110556,0
111478,0
100215,0
123332,0
105310,3
106790,0
124508,0
114578,1
116109,1
106372,1
109258,0
107434,0
123436,2
113056,1
102565,2
104384,2
108500,2
121637,0
119537,3
109435,0
108449,2
122122,0
124348,0
121670,1
123322,1
108140,0
117059,0
106702,0
105200,3
112683,2
117824,1
110523,2
101644,0
108736,0
111998,0
103507,0
120425,2
103428,0
119703,1
104576,3
115991,0
103085,1
106933,0
111051,3
101742,0
121502,0
119160,0
109406,0
107665,0
121430,0
110212,0
123510,1
122430,0
108647,0
115845,0
105411,0
119001,2
106381,0
116395,2
102228,0
121901,0
106654,0
124965,0
109396,0
101259,1
117872,1
103520,0
108356,0
103067,0
111807,0
115364,2
122847,0
100063,1
101231,0
113843,1
109031,0
115810,0
104447,0
103930,1
102066,0
113944,0
101339,1
117496,0
115249,1
120539,0
112470,0
119837,0
109223,0
104061,1
112248,1
101971,0
117129,0
115068,1
108914,0
114351,0
114548,0
108174,0
115847,0
107383,0
114619,0
113123,1
109368,0
110509,3
120221,0
105320,3
120112,0
100777,2
122000,0
102415,2
112866,0
108498,2
112582,3
116658,0
101500,0
120388,0
100694,0
100091,0
117609,0
118065,0
107874,0
101177,0
110158,2
119499,0
107747,0
108632,1
111349,0
100654,0
105664,3
106257,0
121749,0
100989,3
116347,0
103512,1
110584,1
106416,2
113629,0
123823,0
102344,1
104145,0
108083,0
104332,2
113345,0
112370,0
120080,0
110099,0
124028,2
111855,3
102203,1
106520,0
114940,0
115094,0
116959,1
116569,1
109778,0
118846,0
101822,0
100612,3
111629,0
104582,1
103499,0
111593,0
101179,0
115597,0
107328,0
119261,0
100547,2
103873,0
119310,1
119759,0
111821,0
111843,0
114818,0
112725,0
122325,0
103126,0
113005,2
110995,0
100358,0
108485,0
117368,0
104005,0
117956,1
102463,0
102486,0
122349,1
113341,0
105610,0
115996,0
120410,0
111872,1
121260,0
124067,1
107767,0
122636,0
114904,0
123104,0
115332,2
100281,0
112281,2
106354,0
112158,2
101890,0
124818,3
113443,0
107814,0
110359,1
111392,1
124209,0
110117,0
117279,1
118702,1
100505,0
105195,1
123978,0
118753,0
117150,1
102406,2
100859,0
104828,0
117721,0
101013,1
114243,0
114259,1
113119,0
101326,0
111973,0
118578,1
100631,0
119333,0
106155,1
116264,2
110054,2
122510,0
119314,0
123235,0
108663,1
115788,1
118355,0
107114,1
123014,0
105993,0
118078,1
114092,0
114299,0
121559,1
109471,1
113144,0
102887,0
121219,1
119733,1
124204,0
110564,0
101463,1
104466,3
114726,3
117595,0
108692,1
118164,0
112698,1
111696,3
112440,0
117313,0
103777,2
104436,0
102069,1
117905,0
115851,0
105207,0
116604,0
116953,1
117778,1
118557,0
112404,1
123447,0
124942,2
105159,0
100279,1
109958,0
105264,0
120844,1
119260,0
124308,0
101247,0
120991,0
105429,0
104577,3
105536,2
100293,0
120005,0
122402,0
122408,0
124172,0
114540,3
107143,2
108979,0
116488,1
107534,1
105823,2
122826,0
112876,0
123631,0
106756,0
115947,2
102754,3
103950,1
106629,0
109393,3
104503,0
106625,2
124430,0
114859,1
117128,2
122772,0
123301,2
115469,1
105509,0
108193,0
107162,1
102527,0
109094,0
113615,0
121616,0
120780,0
111961,1
121193,2
105430,0
112062,0
114744,2
118370,1
119648,0
101457,0
111314,0
107957,0
100462,0
122527,1
123049,0
124702,1
119442,0
111642,0
120845,1
114336,3
106524,0
113571,0
101860,0
104633,0
102735,0
112395,2
109707,0
123878,0
119430,0
112798,0
118684,0
114949,1
116027,0
103393,0
111405,1
121897,0
121876,0
120858,0
105487,2
114840,2
102795,3
111972,0
115240,0
107707,0
113848,1
106362,0
117620,0
115673,0
101952,0
107604,0
117911,1
114814,0
104177,2
105362,0
100427,0
120941,0
113344,2
117413,0
122283,0
109696,0
100598,0
116126,0
115954,2
123264,0
124302,0
107363,0
103258,0
103055,0
106341,0
122186,0
102983,1
115239,0
111543,0
103004,1
114217,0
110251,1
119972,3
117967,0
117310,1
122725,2
103632,0
102118,0
104953,2
102621,1
102831,0
124525,0
122528,1
118011,0
105550,1
113575,0
123016,0
121881,3
111249,0
103113,0
110571,0
101163,0
106199,0
116506,1
110091,0
109804,1
101074,1
113786,0
100368,2
121095,0
119011,1
110858,0
112501,0
124488,1
112324,0
115976,0
113183,2
113308,0
124933,0
120559,1
118219,0
110559,2
122577,0
105230,0
101550,1
115762,0
101044,0
105571,0
104202,0
104519,0
116172,0
103838,0
111266,2
121574,0
111066,0
103191,0
115050,0
119816,0
111974,0
118413,1
111113,0
115447,1
116435,0
106018,0
121847,0
118461,0
116688,1
103919,1
100488,0
122849,3
103463,1
104127,1
118147,0
112848,0
115526,1
103329,0
109018,1
120938,0
111657,0
109911,0
107638,0
111236,1
111228,2
121188,0
117078,0
100881,0
123608,0
120049,3
106016,0
110775,2
108967,0
101121,0
103506,0
112849,3
123210,0
105604,1
109882,0
107567,0
113315,3
118154,3
119906,0
122286,0
110474,0
122359,1
105948,0
104097,0
106771,0
105060,1
106352,1
106630,0
106642,0
110041,0
116122,0
102219,1
120792,0
118230,0
109239,1
109831,0
117411,0
110127,0
110348,1
119921,1
113950,0
121794,0
103332,0
122266,2
100946,0
117589,0
106675,0
112965,0
107563,0
103281,0
109041,1
106336,0
114454,0
121022,0
121945,0
114684,0
117065,1
111213,0
120693,0
117259,0
114383,0
111874,0
118185,1
121808,1
110026,0
101353,0
108258,0
101891,0
116538,0
106623,0
121218,1
100244,0
123153,0
107207,1
123175,1
111548,0
119987,0
105467,2
110292,0
113357,0
106859,0
102106,0
113382,0
112250,2
118591,0
113229,0
119193,0
119769,1
101487,2
116765,0
120874,0
114443,0
118807,0
117323,2
107899,2
102149,0
110958,1
123216,0
113431,0
120166,0
105709,1
113791,2
123443,2
101289,2
102866,0
123527,0
102755,0
111685,0
110092,0
124946,0
115198,1
107358,0
123559,3
101462,1
100635,0
110349,0
100297,0
110332,0
118458,0
102785,0
112213,1
110755,0
109529,1
117251,1
116828,2
118954,0
101722,2
106955,0
119219,1
119484,1
103263,0
123141,0
111143,2
115306,0
121878,0
104304,0
114646,0
120426,3
110841,0
108704,0
110427,0
116722,0
118289,1
110855,0
107870,0
109469,0
105110,0
113461,0
122564,0
124165,0
120082,2
110854,0
100799,0
109615,0
110747,0
104759,1
111242,0
123520,0
103813,0
112291,3
100855,0
109929,0
112402,1
110123,0
114323,0
102273,0
104280,0
122184,0
102500,0
112401,0
121750,0
107151,0
111253,0
111785,1
107667,0
112364,0
107625,3
115373,0
108353,0
109287,2
117221,0
113027,0
101269,0
107490,0
120277,1
117811,0
115643,2
121276,0
121076,0
117995,0
118521,2
115152,0
107074,1
115618,0
122291,1
105533,3
116015,0
100895,0
106570,0
121064,2
114504,3
111537,1
123261,0
114926,0
101508,0
111040,0
109284,0
115255,0
121795,1
111190,2
100332,1
122461,0
103431,3
119189,2
124147,0
109464,0
121709,0
106265,2
108489,0
106267,1
124686,1
114078,3
105419,0
100481,0
108254,1
110218,0
118608,1
102978,0
100004,0
106747,0
108112,0
111026,0
119583,0
109255,1
119467,1
105312,2
121964,0
119021,1
102968,1
124831,0
100260,0
111063,1
114490,0
110924,0
115423,3
118725,0
102414,0
105109,3
106855,3
112519,1
113634,0
101257,0
107914,1
100370,1
109293,1
116093,0
116033,2
109420,0
107984,0
108834,0
104938,0
122691,0
123754,0
118057,0
100461,0
112094,0
117370,0
124673,3
116582,0
117662,1
108961,0
122343,0
105037,0
122033,2
107839,0
116022,0
122906,0
114891,0
102234,2
114380,0
102761,2
123677,0
119902,1
119822,0
117104,0
120632,0
112097,0
122094,1
104989,1
109136,0
114452,1
102490,1
124131,0
121605,3
102586,0
101761,0
122148,0
117690,2
105729,3
119542,1
117302,0
101187,1
120310,0
106823,0
120321,0
124231,1
120720,0
122188,1
123889,2
100650,2
109130,2
110762,0
115341,0
112982,2
111374,0
117379,0
107802,0
119809,0
114884,0
111087,2
109798,0
106247,1
106964,1
120339,0
121335,0
122066,1
106824,0
111335,0
120878,2
115651,2
121425,1
113778,0
122612,3
110721,2
114969,1
107338,0
104560,0
118978,0
116288,0
117753,0
104249,0
117756,1
117168,0
124356,0
124354,1
105325,0
104342,0
113783,0
124184,0
112276,1
124490,0
113593,1
117782,0
112794,0
102020,1
101332,0
108319,0
113813,0
115542,0
120199,0
104423,0
102198,0
122713,1
103397,0
116146,0
103213,1
104521,0
103145,0
110731,3
100161,1
108162,0
123910,0
107757,0
121536,0
122400,0
101477,0
103801,0
115516,0
111093,1
121992,0
111812,0
114385,0
124341,0
117764,0
117830,0
121404,0
116450,0
121251,0
107807,0
102002,0
123048,1
115515,1
111877,0
111613,0
104720,0
120121,0
112611,0
103275,2
102994,0
103774,0
122374,1
112859,0
120726,3
120212,0
116726,0
106990,2
107953,0
116371,0
122425,1
115365,3
112179,1
103804,1
121016,0
106845,0
115062,0
119787,0
119513,0
101043,0
115566,2
115582,0
104884,0
121459,0
122426,0
109596,0
107872,0
117163,2
111320,1
116319,2
110580,0
120860,3
102664,0
115668,2
120747,1
109533,0
105745,0
120110,1
123038,1
103435,2
119032,0
103034,0
119346,1
103212,0
114497,0
115812,0
114652,1
111967,0
111260,2
119878,0
114544,0
105455,0
106022,1
121329,0
102753,0
119893,1
114910,1
117927,0
107640,0
112742,0
122616,0
124576,0
121204,1
109400,1
116617,0
116206,0
124311,0
106209,1
122028,0
121336,1
114571,0
100817,0
119709,3
117363,0
119063,2
103448,0
106905,0
117683,3
104035,0
116011,3
111888,0
120840,0
103942,0
110466,0
104837,1
122553,0
117508,1
118025,2
113658,0
108532,0
109109,0
113088,1
105092,0
113093,1
106789,2
107139,0
101710,2
113782,1
119721,2
114203,2
105218,0
107730,0
107279,1
123394,0
109875,2
100689,3
110889,0
104072,0
103052,2
121922,0
113550,2
119211,2
106974,2
104686,0
104901,1
104919,0
117462,0
121981,1
115035,1
107043,0
109878,2
119469,0
103727,1
102640,1
124019,0
118947,1
110546,0
116323,1
103207,0
116519,0
122866,0
118686,0
105660,2
105314,1
119116,1
114083,0
119712,0
119827,0
101599,0
116370,0
104732,2
104426,0
124420,0
111964,3
122454,0
110609,2
120670,1
118997,1
116642,0
108019,0
100852,2
105526,0
112485,1
107226,0
101498,0
123186,0
119396,0
105485,0
122554,0
104585,0
116005,0
115822,0
103680,1
113991,0
108570,1
101817,0
110491,3
119150,0
112417,2
109870,0
107906,1
122792,0
115489,0
114893,0
110925,0
113610,1
105805,0
117882,1
109820,2
117410,3
101683,0
105504,0
109723,0
101682,1
121703,0
114903,0
103879,0
112085,0
111663,2
106003,2
108829,1
106987,1
119284,0
117909,0
118079,0
102270,0
100233,0
110277,0
114138,0
110477,0
108346,0
113247,1
100039,3
121756,0
106717,0
119908,0
101135,0
115263,0
105809,0
104340,0
105609,0
118819,0
100366,0
107348,0
117100,2
116847,0
103407,0
115124,0
103201,0
121036,1
120889,2
105273,0
113995,0
102547,0
110622,0
116601,0
119765,3
111767,0
121321,0
113946,0
116905,2
124001,0
101436,0
112148,2
110361,0
118984,0
111802,0
103853,0
122754,0
108930,0
103790,0
108721,0
106563,0
112602,2
115726,2
101052,0
120317,0
102683,0
107417,0
100128,1
115960,0
117707,3
116285,0
124257,1
100527,1
116246,0
107998,0
102880,0
119495,1
123277,0
110842,0
107052,0
112020,0
117440,0
103450,0
113370,0
102340,0
115446,0
104363,0
103606,0
100921,0
108304,0
106458,0
118766,0
115280,1
114794,0
118222,1
117676,2
106846,0
103603,0
107725,0
101541,0
124381,0
115107,0
112024,2
124514,0
111892,3
122076,0
103224,0
114036,0
100916,2
106932,3
104101,0
118535,0
112392,0
116673,0
122942,2
103770,1
118369,3
115007,0
122436,0
103413,0
118207,1
114451,1
109864,0
114931,0
112050,1
111274,1
101053,0
114154,0
120381,0
111965,0
111487,3
121281,0
122213,0
117518,0
115945,0
108125,0
110368,0
116058,0
123343,1
107233,0
102717,2
123366,0
100826,3
100061,0
105061,2
106853,0
119811,0
104155,0
116258,0
109667,0
116174,0
109276,0
121868,0
100095,1
113978,0
105453,0
100265,0
108614,0
101920,0
111420,1
119306,0
110784,0
117653,3
117038,0
109679,0
113821,0
105168,0
111062,0
116901,1
124191,1
119637,2
115578,0
122662,0
101773,0
120163,3
120030,0
113707,0
117035,0
112120,0
121965,0
109527,2
116587,3
106781,0
118539,2
112642,1
104680,3
102543,0
111108,0
106613,0
120304,0
109053,0
119586,1
115468,1
114762,0
112131,0
117320,0
106626,2
102258,3
114560,0
121069,2
124031,0
119145,0
105522,0
122783,0
113001,0
124364,0
111373,0
116775,1
103716,1
103008,3
123075,3
113688,0
100434,2
112046,2
110052,1
122260,0
118036,0
120931,3
122551,1
104196,0
115208,0
118300,0
104118,0
111224,1
109489,0
105445,0
106615,0
111525,0
124784,0
105515,0
124780,0
113570,0
118330,2
115805,2
120416,3
104390,0
100858,0
100528,0
105334,0
109618,3
123628,0
105538,0
117160,2
112690,0
122211,1
104031,0
119947,0
118793,2
123303,0
115021,0
106278,2
120865,0
109184,0
105091,0
109619,1
108308,0
116799,2
119953,0
119017,0
107809,2
124902,0
124932,0
107416,0
123226,0
104208,0
116201,0
112790,2
113987,0
103986,2
112297,3
109044,0
120226,0
120382,0
119257,0
104007,2
103734,0
100605,3
113080,0
116481,0
102802,1
122310,1
123045,0
107758,0
124770,0
115178,0
114438,1
102776,0
111265,1
119353,1
113078,1
115044,0
105279,0
108229,3
101838,1
105205,0
115649,0
105066,0
100354,0
106985,1
111179,0
105102,0
120449,2
109752,0
116282,0
112816,0
115157,0
114275,0
101936,0
124573,1
122836,1
117488,0
122708,0
101719,0
119511,0
115679,0
105649,0
109584,0
109151,0
124190,0
122919,1
100873,2
104255,0
118114,0
115619,0
116898,0
117331,0
122416,0
112668,0
104164,0
113502,0
118844,0
121042,2
106911,0
112422,1
123199,0
102927,2
116316,1
118777,1
102243,0
109734,1
101271,2
124460,0
111542,0
112606,2
122386,0
110832,1
104623,0
108433,0
119808,2
123125,0
109567,0
112763,0
114075,1
112018,0
122863,0
117322,0
116418,0
120340,1
110738,2
116980,0
106950,1
111361,0
104209,1
120442,3
111016,0
107208,0
115380,0
117044,0
106242,0
110272,0
117606,1
107517,0
120951,0
120499,0
107596,2
123218,0
114870,2
114332,0
120498,0
120925,2
108326,0
118834,0
110390,3
121250,0
116393,0
101916,2
120444,2
109919,2
110905,0
122969,2
111178,0
115765,1
114440,0
109407,0
104025,1
111512,0
103377,0
112415,0
105577,3
117240,2
104001,0
110932,0
121429,1
104918,0
115594,3
106928,1
123612,3
124394,0
106896,2
124455,0
104211,0
111177,1
104461,1
103481,0
104528,0
124984,0
107522,0
113406,0
109247,0
115493,0
123169,0
103405,0
116211,0
118074,0
115176,0
105681,2
102742,0
122785,1
110189,1
103528,2
106263,0
111134,0
100602,0
102872,1
100613,0
124355,0
107702,0
111551,3
115936,0
107722,0
109347,0
121158,1
120168,0
116320,0
104311,0
121242,0
108176,0
100030,0
116689,0
121496,0
117809,1
113535,0
111482,0
112393,0
114365,0
106760,0
111937,0
111659,1
107316,0
124084,0
108128,0
106579,0
107854,0
110981,3
115514,0
122511,1
102653,0
112693,0
112766,1
103514,0
115443,0
107895,2
105595,3
123297,0
117801,0
114364,0
124872,1
113106,2
114315,2
107225,0
120035,0
120167,3
122661,0
116967,1
108741,1
120899,0
116745,1
123529,3
113030,0
105934,1
122479,0
105249,0
103835,2
103845,0
103992,1
117169,3
116023,0
102743,0
108134,2
105877,0
121395,0
103674,0
112252,1
115424,3
104361,1
106253,0
115296,0
102374,0
110921,1
120411,0
116651,0
107093,2
120783,0
105324,0
107368,0
118798,1
121155,1
120437,0
101132,0
122726,1
119690,0
112236,1
112081,0
116207,0
104184,0
112137,1
110216,0
118989,0
113910,1
100977,0
100802,1
109605,0
124433,0
103644,0
108759,1
101297,1
109741,0
102189,1
118433,2
121887,0
107210,1
122576,0
108845,0
107787,0
118239,2
103710,1
116532,0
119849,0
109235,0
118198,0
121634,1
114218,0
122216,0
111450,0
108731,0
122181,2
109896,0
100170,1
115492,0
111453,0
101450,0
123239,0
114868,0
107996,0
117013,0
117569,0
108372,2
104200,1
111388,0
120749,0
112136,1
105016,0
110267,0
106900,1
101107,0
119940,3
101888,0
123305,3
112203,0
116527,0
102413,0
118824,2
118042,0
111019,0
117003,0
121464,2
102174,2
103899,2
102894,0
117832,0
112706,0
112068,0
114863,3
111503,0
123595,0
105763,0
100595,0
118958,0
123825,0
107375,0
100571,0
123852,0
104527,0
122758,0
104950,0
106966,2
113255,1
110651,0
102067,1
124676,2
109219,0
124314,0
116628,0
107921,2
124511,0
105635,3
108418,1
124969,0
111106,1
111012,1
102195,2
111341,2
116771,0
105908,0
115378,0
108422,0
108454,1
120206,2
111581,0
101691,2
113366,0
105043,3
114132,1
105466,1
111775,1
110679,3
112433,1
107875,0
108386,0
109828,0
104411,0
108861,0
112744,0
112381,1
109283,2
105148,1
115122,1
123410,0
106032,2
124289,0
118796,0
108702,0
100941,3
100609,0
118758,2
103614,0
111369,2
111271,0
102897,2
111600,0
100468,0
101464,0
119142,0
104695,1
118038,1
118041,0
123482,0
121784,0
121611,3
112864,0
117790,0
106536,1
108104,0
124252,0
113489,0
117436,1
106044,0
112263,0
111286,0
124568,0
100606,0
124109,0
104415,0
102537,1
116886,0
107734,2
120399,0
119070,0
114971,0
122248,0
120774,0
107273,3
105425,0
119076,0
101067,1
101080,0
104941,0
110063,0
101797,0
121038,0
103166,0
114561,2
113996,0
113209,0
121208,0
101102,1
124971,0
120354,0
110222,0
106584,2
108750,1
108956,1
116009,0
103776,0
106740,0
116340,0
106685,0
124495,0
111994,0
123547,2
102224,0
119454,2
119068,0
115977,1
101955,0
116505,0
106963,0
109025,0
122670,0
118883,0
110508,1
102611,0
116234,0
101496,1
123985,1
113200,1
104294,0
111435,1
101562,0
112321,0
103771,0
115442,0
118548,0
103492,1
123148,1
118675,0
117406,0
116946,3
119445,3
123035,0
122905,0
108924,0
109826,3
100970,0
122850,1
112973,0
107498,1
124593,0
105578,0
115106,0
109070,1
109482,1
106697,0
102995,1
121279,0
115774,1
115125,0
108138,0
101302,0
120335,0
111792,0
122107,0
117084,2
101793,1
110187,0
121789,0
107812,0
114760,0
107140,3
101381,0
122508,0
121494,1
103544,0
122322,1
109575,0
123143,1
119544,2
104465,1
101325,2
109762,0
114590,0
109418,0
102803,2
111652,0
106799,0
117614,0
122344,0
109648,0
113689,0
124629,0
107251,0
106509,1
106123,0
114473,0
105046,0
118878,0
115600,0
118259,0
107017,0
100110,0
110850,2
112857,1
116452,0
124024,0
112809,0
124319,0
113138,0
117082,1
113214,0
124762,2
103953,0
123594,0
100180,0
113287,0
113855,0
123354,0
107916,0
120516,0
100131,2
119813,0
119194,0
113084,2
124710,0
102111,0
109677,0
100876,0
101047,0
121293,1
113720,0
101097,0
112479,3
106095,0
103389,0
115140,0
109312,0
102357,0
106972,0
108026,0
111362,0
119055,1
111305,0
113731,0
122983,1
121362,2
123050,1
104234,2
103583,3
116105,3
115540,1
102324,2
100558,0
100992,3
108839,0
111446,2
112016,0
122518,2
101697,0
107954,3
111358,2
107130,0
110025,0
121262,0
114387,0
116429,0
118404,1
109943,1
114555,1
117178,1
103730,0
105250,0
102416,0
111589,1
111406,1
106776,1
102956,0
100991,0
120306,3
104353,0
103566,0
104779,0
112165,0
107589,0
108915,0
101598,0
112524,0
108722,1
111055,2
115942,0
117014,0
107473,0
109801,0
121112,1
118622,0
100267,0
124499,0
123685,0
106659,0
113977,0
105201,1
109905,0
111674,0
118047,0
121117,0
109671,1
118467,0
106165,0
120203,0
121906,0
101829,0
124124,0
113046,0
103243,0
114042,0
106286,1
104677,0
121258,0
121513,0
124462,0
103588,0
122548,0
113277,0
118320,0
106505,0
106735,0
103458,0
107598,2
114602,0
118183,0
114362,0
106093,0
103969,2
114936,0
124233,0
120333,3
116676,0
120213,0
123766,0
100964,2
117696,1
103875,0
118641,2
124164,2
115684,3
116798,0
121455,1
103983,0
101384,1
100432,2
104505,0
103051,3
108350,0
101119,1
106931,3
116300,0
112066,0
112777,1
102070,0
117485,0
112041,2
122502,0
104671,1
102882,1
120821,2
113696,1
101109,0
113951,0
104952,0
112511,0
109027,0
108648,0
124098,0
121068,0
113269,0
117139,0
105896,0
117120,2
117198,0
112153,0
123990,1
120758,1
120366,0
121165,0
113800,0
113613,1
121056,1
119508,0
122361,0
105632,1
109206,0
124387,0
113280,0
103618,0
118820,2
118269,3
123263,0
104221,0
102838,0
122979,0
118538,0
120762,0
101858,0
120067,0
105127,0
107462,0
120779,0
105657,2
102068,0
114102,0
110364,0
103934,0
120149,0
120303,0
101401,1
121311,0
104667,0
105511,0
109923,0
112171,0
107695,0
114562,0
103461,0
106157,3
122761,0
102121,0
114977,0
119977,0
119996,1
122883,2
106877,1
124266,1
105073,1
120018,3
115713,1
124487,0
112811,0
119734,0
106522,0
114854,0
106406,2
102334,0
124121,0
105957,0
114844,3
115946,0
104547,0
107156,0
122106,2
119335,0
124010,3
100443,1
104639,0
124327,0
111507,1
123933,0
117447,0
117955,0
121315,2
115745,0
106360,0
112163,0
121344,2
107753,0
101934,0
113263,0
110611,0
102175,2
115310,0
117403,0
113705,2
110056,3
100387,2
103749,1
108468,2
108968,2
103219,0
101937,0
114086,0
115502,0
107855,0
121512,2
112808,2
100222,0
109568,2
105041,1
114326,0
120923,2
101887,1
112627,1
122952,1
103040,1
114983,0
118634,0
103582,3
101226,0
106943,0
101284,2
102141,1
106161,2
109457,1
113859,1
113962,0
116546,1
101981,0
120285,0
105553,0
116746,0
101045,2
123133,0
110366,0
111027,0
100637,0
120413,0
118918,3
121268,2
115705,0
112784,0
104996,0
114551,0
107999,2
121468,0
117210,2
105135,0
111004,2
109663,0
121473,1
113892,0
111295,0
101924,3
117899,2
119392,0
119981,0
108452,0
101938,1
120334,0
105389,2
105562,0
101241,0
120342,3
103286,3
123456,0
108789,2
119317,1
106422,0
107768,0
110401,0
109361,0
123979,0
117527,0
111237,0
109320,0
120462,0
115933,0
108049,1
103731,3
122776,0
109394,0
114958,0
124211,1
107990,0
116238,0
120356,1
116268,1
118618,0
122771,0
123276,2
112124,1
115323,0
113026,0
123233,3
121196,0
107389,0
105995,1
124272,0
102440,2
102842,0
102313,0
117130,0
109059,0
107391,0
100985,0
123973,0
101884,0
115862,0
110151,1
122160,0
106433,0
109159,0
110657,0
112793,0
118625,2
124427,0
112076,0
100634,2
101620,2
113086,0
107610,1
113602,0
116743,0
117669,0
104553,1
124176,0
111749,3
100037,2
118317,0
111198,0
102438,0
114171,0
117359,1
108189,0
101667,1
101488,0
104631,0
122808,0
101399,0
122083,0
112348,0
109451,0
112506,2
110200,1
115543,0
122842,0
101438,0
101584,0
101519,0
124513,2
102718,0
117113,0
105423,0
102207,0
111256,1
103097,0
123820,2
105051,0
121944,0
118035,2
119464,0
119578,0
122155,0
101537,0
104000,2
119367,3
105521,0
119398,1
119510,3
116637,0
112451,2
116832,2
121872,2
110186,1
104906,0
104611,1
121081,1
109542,0
123472,1
119922,3
104219,0
108561,3
107484,0
123356,0
100013,0
111058,2
107377,0
118241,0
124837,0
104488,0
110960,3
102201,0
116326,3
118645,0
123711,0
108986,1
118551,0
102449,0
117982,1
124360,0
108696,0
114186,0
107605,0
103019,3
111797,0
122796,0
101521,1
120260,0
123871,2
106147,2
107821,0
122081,2
107087,0
109767,0
105245,0
114024,1
100283,0
114331,2
124482,0
106162,0
114808,0
115459,0
117304,0
109507,1
123513,0
100007,0
117443,1
117330,0
109644,0
124304,1
113253,0
114796,0
123134,2
103135,1
122737,0
102403,0
121558,2
124140,1
120590,2
110228,1
115261,0
100054,0
101548,0
116156,0
118454,0
110137,0
115783,0
116416,0
107829,0
110527,0
102682,0
121845,2
122534,0
117959,0
124651,1
123257,0
101136,0
114161,0
109102,0
116835,0
102372,0
114128,0
101795,0
109357,0
121567,0
119366,1
117503,0
107058,0
102541,0
111651,0
109729,2
109952,0
113358,3
112331,0
118368,0
103971,2
113568,0
107244,0
111985,2
117599,0
121706,0
105943,0
120620,1
119728,0
123505,0
117315,2
111418,1
123770,0
105278,2
108683,0
119223,0
117698,0
104057,2
112358,1
122303,0
106023,0
116412,2
105432,1
121442,2
112086,0
113158,0
109637,3
120523,1
107838,0
109384,0
119846,3
121911,1
100698,2
118688,1
115963,2
101993,0
101152,0
118580,1
123755,0
113883,0
115908,2
104120,0
103292,2
102857,0
108285,0
118441,1
112769,0
105123,3
108075,0
111912,0
106807,0
105410,1
111431,1
104476,1
113736,0
104138,0
120034,1
100389,0
103792,0
115917,0
101745,1
107125,1
115452,2
105416,0
112288,0
115202,0
111946,0
116332,0
113391,1
101227,1
120825,0
119358,0
103494,0
117274,1
121710,3
112477,0
105549,2
106957,2
120037,3
105955,0
123969,0
118228,2
121217,1
100493,0
109632,0
104402,1
120350,2
112350,1
122197,1
111602,0
122756,0
101814,3
111935,1
115904,1
109429,0
117020,0
113905,0
113668,0
112167,1
107342,0
102970,0
116124,0
108057,2
122007,2
118508,0
103793,3
122862,2
110073,2
109240,1
109812,0
104239,1
118522,3
118822,3
123922,2
102160,2
105581,0
103041,0
115444,0
102161,0
100483,0
113400,0
121453,2
115787,2
115529,0
115513,0
112239,2
117405,2
116232,0
113994,0
101447,2
119804,0
117087,0
116044,2
101569,3
100827,0
118849,2
108091,0
123166,1
112369,0
120401,2
117741,0
114370,0
120120,0
110765,0
103125,0
114060,0
113206,0
110458,1
120135,1
107944,0
101249,2
102209,3
117043,0
112600,1
122706,3
112326,2
119453,3
120180,0
114604,0
107902,1
103468,0
104840,0
121243,3
120314,1
114800,0
101472,3
112439,0
121843,0
115692,1
119082,0
109833,1
123018,0
103374,0
120811,0
124113,0
111741,1
123185,3
105384,1
112267,0
117697,2
115698,1
104146,0
118118,2
111048,1
104310,2
114077,0
123961,0
106868,2
122268,0
107091,2
110270,0
117252,0
105253,0
109821,0
100578,0
117145,0
116245,2
121707,0
116194,1
105352,1
118504,0
107649,1
113652,0
118374,2
119295,0
114457,2
119530,0
115422,0
120276,0
116305,0
103901,2
121363,2
105952,0
108817,0
110575,2
124914,3
112780,2
102128,0
109968,0
123554,0
124267,0
112154,0
124931,1
124021,3
108765,1
111465,0
110819,0
100664,1
123952,0
104764,0
107166,3
105421,1
122132,2
103271,2
107716,0
100499,0
109625,0
103794,0
107987,1
100872,0
119117,2
112994,1
111745,2
100949,1
124258,1
123792,2
108038,3
123487,0
104453,1
121598,0
114817,0
110155,0
104594,0
123438,0
113228,1
124161,0
120622,3
113692,1
114941,0
124434,0
117281,3
105914,0
108551,1
122486,1
107022,2
114585,1
101847,0
108383,0
101591,1
108848,0
119988,2
124884,1
116001,0
104325,0
115727,2
108302,0
103599,0
124949,1
101157,0
103982,0
101465,2
118051,0
121652,3
109354,2
113771,0
117244,0
106181,0
100784,0
105746,0
119622,0
124322,0
115955,3
114163,2
109597,0
103525,0
115114,0
104946,2
101149,1
121365,0
112389,0
124916,1
118999,0
124015,0
116114,0
114783,2
116753,0
104148,0
109405,0
113096,1
118785,2
100467,0
102021,1
105795,0
107349,0
123702,2
102971,1
123464,2
101287,1
114715,0
116147,3
106054,0
117867,0
124297,1
114923,0
119645,0
119376,2
118934,0
112051,0
119807,0
119073,0
123353,2
123739,0
104608,0
103518,0
110252,3
112895,2
123150,1
105080,3
120903,3
105244,0
105096,2
105841,0
115520,2
117290,2
110208,0
119245,1
122388,0
118396,1
103620,0
106380,0
106547,0
105501,1
113646,2
105643,0
118601,1
124210,0
116427,1
108938,3
116780,0
102952,0
119403,0
103235,2
108071,0
122354,0
111088,0
118476,0
122903,0
117088,0
120338,3
102893,0
118020,0
111899,0
100156,2
106097,0
111059,1
106867,0
112617,0
102353,0
103301,2
103202,0
100023,0
119263,0
121569,0
102548,0
112159,0
106479,0
115978,2
108527,0
101879,1
119350,0
117826,0
101784,0
106396,0
123663,0
105828,0
108744,0
106878,0
109817,0
113060,0
124349,1
119738,2
116696,0
102945,1
119958,0
112754,2
108858,0
102603,0
119023,3
124075,2
114328,2
112029,0
118572,0
101300,1
123535,1
114856,0
114251,0
113124,0
121722,0
108752,2
120477,0
111312,1
107609,0
124294,0
109020,0
112145,0
110949,0
120119,0
108159,2
109601,0
101170,3
118950,0
112411,0
109955,1
111517,0
120133,0
102691,0
123541,1
115777,0
119414,0
114956,0
106105,0
100409,1
107844,0
120171,0
118568,0
110688,0
108222,0
101221,0
123240,2
107936,0
106861,0
111764,1
121800,1
119049,1
114377,0
113453,0
117655,1
109612,0
102568,0
122047,0
102202,1
121534,1
106295,1
111372,2
115930,0
109483,2
120081,0
118093,1
117870,0
105471,1
103409,3
115451,1
104581,2
118741,1
104791,1
104558,1
105000,0
111401,0
123708,3
114810,3
102539,0
120742,3
108711,2
114234,1
113898,2
102633,2
117874,2
124119,0
117656,0
116704,0
116769,2
116165,0
121305,2
104014,0
100272,0
109947,2
116516,0
113265,0
104754,0
124408,0
108563,2
103867,0
119123,0
119688,0
111476,0
116598,0
116066,0
103369,1
100759,0
106053,0
122641,0
102505,3
114466,1
120016,1
123425,0
106940,0
122773,0
108520,1
120674,2
116957,2
111310,1
112385,0
123430,0
115846,2
120926,2
123478,0
108590,2
120089,1
121070,1
104076,3
102703,0
122256,2
111683,0
124205,0
118409,3
111086,0
123082,2
104218,0
105008,0
101154,0
111334,1
114441,2
108255,2
116777,0
109190,0
101716,0
102248,0
100399,3
110645,0
118394,0
113369,0
108161,0
121561,0
114786,0
112950,0
123626,1
111269,0
121998,0
105202,0
113685,0
121394,2
113703,1
113961,0
106550,1
104857,1
119663,1
113273,0
106976,0
124065,0
111140,0
109728,0
102858,0
119621,2
104468,0
121943,3
102040,3
118440,0
110619,1
124788,0
105010,0
123768,1
105816,1
123326,0
122099,0
123530,0
120063,0
110985,3
120115,0
104246,0
123160,0
119689,2
117197,0
101321,0
119106,0
108197,1
117099,0
123202,0
100246,0
104624,0
101972,0
101576,0
116087,0
110705,3
102696,1
118685,1
108021,0
119362,1
113781,0
106634,0
117191,3
121304,0
108410,0
104730,1
119491,3
109504,3
109641,0
122503,2
112672,0
100506,2
101499,0
114798,3
124961,1
116796,0
106585,0
117645,0
116585,3
113426,0
105054,0
124799,0
124551,0
117231,0
112589,3
107436,0
118553,1
103116,1
107123,0
124060,1
112383,3
111545,0
122418,2
120610,0
115716,0
119136,2
110326,0
112713,0
107592,0
121556,0
101912,0
101699,0
107200,0
112226,2
121487,1
113441,0
122369,0
104265,0
109626,0
118217,1
105922,2
117477,0
113711,0
120761,0
101848,0
107063,0
101595,0
112801,0
115123,1
123707,0
105916,2
107115,0
120489,3
108553,0
122811,2
113949,0
111440,0
121742,1
115012,1
105431,0
124757,0
110722,0
121232,3
119377,3
119682,0
102451,0
107603,1
120172,0
106478,2
113052,2
113937,0
116671,2
118213,0
117217,2
123703,2
118827,0
101347,0
108864,1
111285,0
100978,1
103713,0
105671,3
102215,0
100390,2
112761,2
121602,1
119293,0
124117,1
119449,2
112649,0
115089,0
103355,3
118126,0
112620,0
106411,1
106595,0
112286,2
118916,2
109921,0
107951,0
114902,3
109595,1
101275,0
113829,2
102925,0
117408,1
119874,2
101183,2
117097,0
119582,0
101453,0
115165,0
124237,1
109813,0
122820,2
119794,2
116827,2
112746,2
124091,2
102564,3
114087,0
110750,0
103127,0
108136,0
117074,1
109869,0
115229,2
101048,3
111769,2
124587,3
103840,2
105813,0
109220,0
104050,0
100929,0
124268,0
102868,0
103810,0
118856,1
101635,0
119065,0
109158,2
100953,2
121524,0
118274,0
102469,2
119254,0
110257,0
121352,0
100600,2
103553,1
113986,1
112215,2
107082,0
122440,2
117187,1
101124,0
118739,0
109727,0
122828,2
121033,0
100337,0
111182,2
108686,2
103842,0
100767,1
102420,0
104439,2
102236,0
123783,0
108423,3
107846,0
105107,1
100346,0
116123,2
104627,0
121805,3
114638,1
121673,1
100856,0
106285,3
124976,0
124382,1
103423,0
112800,2
118238,1
110978,1
115739,1
111366,0
101086,0
110770,0
115798,0
108807,1
123988,0
109588,1
111390,0
122459,1
116306,0
101470,0
124699,0
109610,0
112689,2
109154,1
115537,3
102635,0
100653,0
119199,0
102782,0
111722,0
116081,0
118772,0
108552,2
117823,2
109008,0
121097,1
104993,1
112907,0
101740,0
101553,0
123222,0
120074,0
111013,0
106577,1
114679,0
100560,0
121240,0
104805,3
107305,0
106945,0
109885,0
103455,1
109621,2
120582,0
121421,2
106839,0
124610,0
118876,2
105958,0
100640,1
118673,2
110982,0
107042,1
115655,0
111459,2
103195,0
115143,3
108146,0
118912,0
120841,0
122243,1
124685,2
106332,0
115804,0
109123,1
116248,1
113160,0
108334,1
104981,1
119549,1
124073,2
107973,0
114256,1
101113,0
118296,0
111588,0
113989,1
112850,0
103221,2
104254,0
115508,0
101725,0
120788,0
118399,0
106495,1
119839,0
101034,0
110610,2
122171,1
104324,0
103586,1
102953,0
108923,0
122203,0
104714,0
103521,2
110309,0
120144,0
118998,2
106506,0
101736,0
118745,0
100258,1
115524,0
114830,0
110449,2
109391,2
124324,2
103944,0
117641,0
113527,2
113925,0
109974,0
115880,0
110058,0
106476,2
108757,1
103104,2
116880,0
105197,0
110311,0
106876,0
102536,0
122513,1
107969,1
117521,0
115635,1
106745,0
114339,2
116127,2
119533,1
111413,2
100165,0
107559,2
110194,0
120257,0
116279,2
114631,0
112799,0
115882,0
121164,2
106784,0
100670,0
101873,0
112653,1
122298,1
114153,0
115521,1
106655,1
111971,1
100545,2
115685,2
121141,0
102916,2
111351,2
111443,0
122116,1
117678,0
111232,1
112577,2
122514,0
109333,0
113179,2
108201,0
119196,0
123647,0
113553,0
103287,2
112842,0
120349,0
113499,3
100043,2
115335,0
102240,0
108769,1
109927,1
108974,0
123923,1
111301,1
107556,0
105557,2
117884,0
121415,0
103670,0
106549,3
105917,1
102677,0
123284,1
106244,0
108043,0
113356,1
108725,2
101394,1
116405,1
102729,0
115603,0
124368,0
102000,0
106915,0
121830,0
114934,0
123854,2
104932,0
112983,0
107806,0
123840,0
109985,3
116475,0
118780,1
112899,0
122867,0
123463,0
105140,0
111348,0
114513,0
109580,0
123101,0
111091,0
108898,0
121255,0
113515,2
118430,0
105863,0
106844,2
124882,0
115049,3
106686,0
122938,0
102805,2
112225,2
105680,2
103025,2
104071,0
124560,0
118468,2
120196,0
120752,1
121497,0
122538,0
120009,0
103020,3
104281,1
112198,2
113648,0
105697,1
112351,0
112073,1
108290,1
100668,0
110238,3
110393,0
110167,0
100986,2
118086,0
102457,0
117153,1
100889,1
100864,1
120738,3
107755,2
117755,0
116557,2
115081,0
123808,0
110051,0
114778,0
109791,2
107397,0
100243,0
114738,0
122895,0
111417,0
123285,1
122226,0
105893,3
114244,0
109558,1
109582,0
106180,2
117296,0
102638,0
106299,0
118416,2
103033,0
113296,3
104780,0
108441,0
110519,2
123029,0
112056,1
109749,0
111207,0
117958,0
118630,0
108370,2
114089,0
109375,0
109009,0
120586,3
120210,1
108101,0
117898,1
104449,2
101964,2
101417,3
118898,1
107761,0
124734,0
118697,2
123067,1
101159,0
117435,2
122978,0
120517,0
113702,0
118208,2
118729,1
102991,0
112509,0
103539,0
101076,0
105470,0
106322,2
111292,1
100145,0
113327,2
106358,1
122745,3
117233,0
116826,1
121864,1
117429,3
109506,0
120396,0
113745,0
113867,2
116690,2
104419,2
101398,2
124607,0
103828,0
110570,0
108260,1
120006,0
103353,2
117502,0
119507,0
106815,0
123477,0
118089,0
107288,0
112027,2
119051,2
119267,0
103244,0
108607,0
115063,0
124296,0
118910,0
102830,0
101622,0
114851,0
120193,0
101025,0
114101,0
123117,0
121263,1
123886,0
115545,0
101824,2
118993,0
100249,3
117294,1
117068,0
107919,2
119841,0
121639,1
116228,1
106604,1
117603,0
118621,0
116860,0
105369,0
101375,0
106508,0
100121,0
104412,1
117932,0
103995,1
122442,0
111896,0
102431,2
101420,0
110141,0
102596,0
118186,1
101062,3
107698,0
116390,1
114420,1
107966,2
114038,1
102850,0
111672,0
103945,3
103396,0
107320,1
121779,0
100388,2
117048,0
123105,0
113805,0
120320,2
110130,0
112306,2
106910,0
116816,0
101593,2
120863,0
123190,0
120031,2
106504,0
121120,0
111527,0
102329,0
109698,0
100822,0
109237,0
119040,0
120423,0
116972,1
101038,0
103939,3
101304,0
107353,0
114165,0
120466,0
123588,2
119683,3
103142,1
124625,3
120323,0
111238,0
123589,0
104644,0
121899,0
117234,0
120616,2
119478,1
108337,0
100038,1
110065,0
123236,0
108970,0
118926,0
104701,0
116719,0
122515,1
124989,0
108733,0
119322,2
118930,0
114133,2
113972,2
110541,0
118734,2
119465,0
120870,2
103177,2
100720,2
116670,0
112738,2
120578,2
108251,1
118979,0
121136,2
103977,0
100173,1
118442,2
117771,0
116544,0
100192,2
116062,0
107520,0
116742,0
124301,0
118131,0
122617,0
110885,3
102609,1
104103,0
122102,2
115833,0
110490,0
109155,0
107080,0
110681,0
119955,0
115704,0
108746,1
101834,3
104974,0
103836,3
121531,0
114834,1
107488,0
122633,1
120271,0
123026,0
111876,2
105062,0
104285,0
110391,1
103391,1
114511,0
100850,0
118229,0
110050,0
108023,1
114886,0
117732,1
111523,0
121885,1
112968,0
104404,0
114988,2
110240,1
100738,1
115238,2
114303,0
124043,0
102048,0
109807,0
107658,2
115184,0
100046,2
115336,0
115921,0
111180,0
110494,0
112928,0
118708,2
114660,1
114338,0
111980,1
115770,0
113542,0
116355,0
107526,0
110135,2
113719,0
124023,0
100231,0
112244,0
120073,0
124041,1
100005,2
105875,0
111212,0
113331,2
100284,0
121936,2
102990,1
110986,1
120666,0
100003,1
119520,2
101329,0
102446,0
108185,0
105894,0
103037,0
109292,3
111697,0
122882,0
109761,0
121718,0
114920,2
102418,2
122546,0
121272,3
105491,1
114839,2
105315,3
120459,0
103186,0
111933,2
119331,2
122966,0
103717,0
122229,0
119774,0
110928,1
102780,0
101360,0
103905,3
106748,0
121614,1
110977,2
105194,0
102018,3
108735,1
114176,0
105147,0
118347,0
112112,0
116069,1
104040,3
120955,0
106831,2
123537,2
123560,0
101322,0
105579,0
118247,1
100755,0
115453,0
116153,2
107191,1
102919,0
122563,1
106832,2
122498,1
108813,0
112241,0
107745,1
121977,0
118783,3
104279,1
116784,0
112705,1
123772,0
108124,0
121427,0
109453,3
117471,0
102274,0
113739,0
119408,0
106400,2
119956,1
106768,0
101041,0
113139,1
115473,0
112238,1
112696,1
100171,0
124315,0
122019,1
107134,3
117137,0
110649,2
109814,0
118681,3
112337,0
117648,0
113364,2
106648,0
113715,3
105759,0
114464,2
101011,0
118576,0
106237,0
111740,1
104203,3
103778,0
113540,0
112367,2
109076,2
113798,0
110740,2
109858,0
113526,1
121052,0
121888,0
112775,1
100197,0
113544,0
121088,1
108555,0
105960,0
118902,0
104021,1
100793,0
102965,2
106558,1
121099,0
105559,0
105685,3
120068,0
108895,0
101705,0
106816,2
104051,0
106516,0
105707,0
120052,2
105556,0
119768,0
119894,0
117017,1
116381,0
106812,0
111347,0
111627,0
121252,0
119292,0
100294,2
112379,0
119044,0
124786,3
105436,3
107861,0
100936,0
111370,1
119844,1
113999,0
123937,2
103920,1
112770,1
113507,0
114569,2
110335,1
101831,0
119035,0
113381,0
110987,2
117509,0
116757,0
109488,0
110273,0
111281,1
116181,0
110783,1
108627,1
122931,0
101143,2
119178,0
120600,2
108004,2
103548,0
116718,0
101527,1
103094,2
113002,0
102736,0
122794,3
102877,1
114085,0
105186,2
106350,0
123419,1
112806,0
110308,0
117945,2
101245,1
102654,0
123753,1
121104,0
121971,0
115138,0
107929,2
110976,0
122339,1
106133,0
104099,0
101559,0
112482,1
115030,0
101914,0
117218,0
123420,1
115760,0
124476,0
102110,0
113916,0
109105,0
109684,2
103677,0
103638,0
102864,2
100707,1
122067,0
109747,2
105555,0
119523,0
103511,1
108859,2
100282,0
124151,0
124866,0
106273,0
124992,0
109306,1
123911,0
121235,0
116715,1
102030,0
116691,0
100487,3
111192,2
115461,2
100972,0
103380,0
109147,2
107923,0
118048,1
103519,1
100621,0
123795,2
110324,0
109763,0
109204,0
109501,1
121865,0
108717,1
118843,0
103916,0
105402,1
117891,0
102875,0
120638,2
120637,1
118704,0
118866,0
108874,1
108316,0
108734,0
105702,2
108955,0
114061,2
117423,0
103662,2
103465,0
106904,0
122123,2
107028,1
111776,0
123351,3
100724,1
109876,0
101551,2
110019,2
103334,3
122434,0
113324,0
103006,1
103535,0
111885,0
115878,1
123722,2
104571,2
116879,2
121660,3
123468,0
106887,0
107469,0
112717,0
114359,0
119325,0
101082,1
108180,0
106759,0
119866,0
120218,1
124243,1
117005,1
122252,0
106035,3
106330,1
113528,0
120548,1
108504,1
117266,0
115956,0
111170,2
104936,0
103757,3
109252,0
113041,0
121586,2
101614,2
112512,1
122961,0
117151,0
111906,0
115772,0
100510,3
113940,0
110583,0
124680,2
111145,0
115682,1
105779,1
110744,0
123047,3
107508,0
102658,1
115843,0
102980,0
123496,2
104495,2
116404,2
120076,0
105418,2
107876,0
116493,1
115227,0
124777,0
124187,0
124307,0
110510,3
117665,0
107286,2
102454,1
105503,0
117594,0
102922,1
124011,0
113111,0
106617,3
101046,2
119755,1
110038,1
123957,0
120977,1
123549,0
118434,2
113193,0
123234,0
110936,0
101602,0
115581,0
102171,0
113723,3
114945,0
116492,1
100326,2
104427,0
109881,0
109680,0
104823,0
114189,3
119114,0
115133,1
100448,0
123173,0
103534,0
102098,3
104819,2
122501,1
117438,2
102639,0
102376,0
120107,0
121967,0
123977,0
106764,0
113651,0
110526,0
121572,3
110589,2
118733,0
114838,1
109866,2
117745,1
111689,0
121869,2
107019,0
122537,0
123053,1
123799,2
109987,0
112313,0
122457,1
100532,0
123095,0
122657,0
103682,1
112394,3
117675,0
119928,0
109603,0
113554,0
121178,2
102132,2
100439,0
104189,2
107675,1
124581,3
109007,0
123241,3
107943,0
117617,0
104992,2
103890,3
110495,2
114196,3
100741,0
109948,1
103238,2
124873,0
117457,1
113588,2
106973,0
104194,0
113607,0
113068,2
103831,0
101894,0
115223,0
110607,1
106941,1
100996,0
113460,1
111457,2
115181,2
111982,1
121674,0
116314,0
105500,0
114211,1
110970,0
100150,1
112371,0
118945,0
108812,0
107456,0
106454,1
124429,0
120122,0
111596,2
107103,1
113970,1
117787,0
113226,0
120699,0
101148,0
122120,0
110482,1
114219,0
121527,0
102460,0
120642,0
121946,0
114090,0
112747,0
116843,1
111352,1
109256,0
108379,0
105099,2
102697,1
123384,2
107882,0
123857,0
109068,2
104972,1
106194,0
112655,2
122180,0
106469,0
111139,0
120887,0
117971,1
105935,0
114280,0
104617,0
111690,1
120026,3
116121,2
113537,0
105502,0
121579,1
113644,0
124483,0
106065,0
115172,0
103917,0
113437,0
112933,0
106934,0
107580,3
124154,3
114197,0
110965,0
109839,0
108653,0
115951,0
100083,0
107266,0
118254,0
110689,0
116599,1
122347,3
101228,0
108698,0
104044,0
110336,0
120505,1
111956,2
117414,1
118837,0
120603,0
117864,1
106064,1
106927,0
109172,0
124313,1
121015,1
118588,0
107709,0
120267,0
117284,0
120778,0
121693,0
119429,1
119425,0
107614,0
100834,0
108617,0
107578,0
117478,1
116385,0
119932,0
104306,1
101469,1
121484,0
107464,0
107867,0
106156,0
123904,0
124046,0
108743,0
100016,2
102678,1
110973,0
115041,0
105372,0
111562,0
112854,2
120348,0
111011,0
105133,0
113252,3
106732,0
122140,0
117726,2
101028,0
104286,0
121437,0
115059,0
121403,0
105734,3
122384,0
119840,1
107681,3
118381,0
114708,2
120886,0
106532,0
124049,3
109745,0
113927,2
114570,0
115084,0
104998,0
123114,0
106279,0
104592,1
110789,0
119673,1
113841,0
119612,3
106540,2
109071,0
117236,0
115720,0
112006,0
112686,0
109182,0
100075,2
102902,0
119276,1
101511,0
105111,0
120004,3
118651,0
120090,1
110279,0
120451,0
102405,0
104502,1
108585,0
100857,2
109163,0
108909,0
104542,0
101949,1
107835,2
114199,0
122037,2
122024,0
113360,0
116498,2
120904,0
114516,0
122048,0
113246,1
124683,3
115076,0
118398,0
108857,1
101351,1
102181,1
117472,0
107405,1
123378,1
108444,0
116173,1
105481,0
120626,2
106466,0
107718,2
120719,0
103485,0
117346,0
120215,2
107528,0
115031,0
122890,0
113019,2
106048,2
111987,0
119598,2
108820,2
107427,0
114096,2
106290,1
114528,1
111049,2
114498,0
117786,0
115155,0
115975,0
115807,2
110670,2
103839,0
109851,0
105844,0
123358,0
102874,0
114257,0
100948,0
124484,0
100704,0
104270,0
101054,3
103552,0
118090,0
116348,0
113496,0
108141,2
102077,3
103822,0
102534,2
120286,1
122182,1
103070,0
118019,0
115428,1
100256,3
110948,2
115366,0
117319,0
102938,0
101999,2
102246,0
112891,1
108235,0
117733,1
120757,1
118169,2
115412,3
114901,0
103477,2
103345,3
112551,3
109925,1
117838,3
113316,3
103319,0
115119,1
100944,2
124050,0
112455,0
107622,0
116192,0
120083,0
112069,2
122741,3
121976,0
116645,0
103343,3
124533,0
121973,0
118122,1
105530,1
115393,0
117096,0
117731,0
118336,0
113346,0
119277,1
109903,0
116030,1
121522,0
117273,2
106388,1
108958,0
116863,0
106777,0
101294,1
124879,2
107261,0
108838,0
121021,0
115570,1
110379,0
120888,0
122915,0
115491,2
118340,0
122224,0
117887,0
101495,2
111389,3
107955,2
104723,1
120268,0
109642,3
116807,2
115750,1
118724,2
123054,2
117062,0
104491,0
106024,0
114845,0
112558,0
119363,1
101130,1
104569,0
108030,0
116480,0
118356,0
121723,0
121728,1
117708,0
105625,0
110567,1
100615,0
102813,2
105188,2
123815,1
122010,0
118811,1
103315,2
123720,0
111122,2
116020,1
111556,2
104615,2
121697,1
109296,1
117483,0
104812,1
123686,0
105601,0
124475,0
120570,1
102165,0
106696,3
104826,0
122964,1
117497,2
119119,0
113236,0
108278,1
117704,1
119739,0
106684,0
109118,1
109327,2
106676,0
120161,0
106849,0
121836,2
121003,2
110473,2
113150,0
105963,0
116315,0
112938,0
102794,0
122357,0
119832,0
103321,0
119286,1
112400,1
108476,0
103430,0
115072,0
112434,0
110285,1
112443,0
108912,2
107234,2
110802,1
120428,0
114461,1
118265,1
109730,0
117886,0
100497,0
116304,0
105994,1
116394,0
116423,1
101282,0
120593,0
124928,0
119607,0
101071,1
124149,0
119909,3
114403,2
101160,2
108723,1
122424,0
123837,0
104130,2
117685,0
106462,0
117890,0
119764,2
112929,0
119003,1
112151,1
122637,0
107732,1
119701,1
103322,1
112053,0
117365,1
124920,0
120152,0
104869,2
104949,1
118863,0
105696,1
108580,1
112682,0
113393,0
108519,0
121145,0
121313,0
100300,0
121500,0
123426,0
120256,0
104595,1
110946,0
111165,2
123781,0
124467,0
114469,0
114067,2
119497,2
113963,0
115573,2
116565,0
112916,0
118957,1
111823,0
108464,2
101162,0
122984,3
107952,2
100630,0
111009,1
105537,0
110028,1
120572,2
115177,1
119012,2
108549,0
106457,0
118583,0
124801,0
117256,0
116915,0
114598,0
112622,0
110384,0
116025,0
107329,1
124013,1
116683,1
124261,0
122446,0
116760,0
113906,3
119776,1
124293,2
118105,0
112172,1
118955,0
100217,0
106467,0
124255,1
110415,3
108113,0
119143,0
116055,0
102721,2
120958,0
102738,0
111039,2
108031,0
103970,2
107127,1
107113,0
123898,0
121909,0
104628,0
121432,1
116486,0
102560,0
102606,2
105322,0
111464,3
101423,0
121959,0
102549,2
124445,0
110068,0
101093,0
112111,0
118200,0
120896,0
107532,0
120949,0
107146,3
105580,0
118855,3
113283,1
105631,0
111951,0
105275,0
123959,0
124265,3
121592,2
111771,0
119615,0
113484,0
100484,2
116444,0
109412,2
105319,1
113238,0
116441,0
123941,2
107282,1
108636,0
123564,0
111427,0
120036,1
109560,0
109185,0
112292,0
112507,0
110322,0
118830,0
109718,0
124822,0
120848,1
110816,1
124730,0
124594,1
101192,1
102029,1
106566,3
105687,2
115607,2
120946,0
111367,0
101077,0
103484,3
116042,1
117994,2
116749,1
123989,0
105482,0
114720,2
104550,1
122986,0
124899,0
118190,0
115861,0
101012,0
108516,0
118063,0
122190,1
101564,3
118501,2
112664,3
122695,2
109201,1
102681,3
123085,1
115210,0
121194,1
101575,0
120182,2
116342,3
109146,0
113504,0
121607,0
123231,0
108786,0
116588,2
117537,0
124133,0
120051,0
103996,0
105633,0
117260,1
110209,0
103850,2
123621,0
110900,0
123640,0
123611,2
100788,2
101068,0
100917,0
112408,0
103561,0
100202,0
115414,1
119695,0
109676,0
108764,0
124906,0
102378,0
111174,0
102508,0
111193,0
104708,2
114360,3
102200,0
121752,0
107680,2
108137,2
100611,3
108827,1
122734,0
113135,0
118027,2
121410,1
107729,0
104446,0
105527,1
118480,0
106721,0
102402,1
124704,0
120281,0
118314,1
115811,1
108708,2
103154,1
101696,1
102921,2
122174,0
107373,0
114729,0
123116,0
121596,0
118533,0
108461,0
102590,0
114554,0
118103,0
114104,1
113806,0
116472,0
115005,1
111171,0
104460,0
115773,3
108518,0
116551,2
105939,1
102895,0
113825,0
110807,0
124988,0
105519,1
104872,2
109674,2
101951,0
100236,0
119714,0
114004,3
111610,0
101979,1
108751,0
107816,0
122002,0
114205,2
107402,2
101982,0
101155,1
102972,0
122365,1
100374,0
117046,0
107020,0
120266,0
123061,1
122686,0
120265,0
115583,0
116095,3
107268,0
110289,0
122755,0
113680,0
116329,0
121147,1
115028,0
119187,0
113290,0
106069,1
100636,0
108684,0
118359,1
121452,2
115533,0
105128,1
118422,0
121349,0
114330,1
110276,0
104861,0
104154,0
120735,3
115625,0
108456,1
112008,2
119221,2
110766,2
110623,0
120716,0
124320,2
116933,0
105105,0
110746,1
108890,1
104596,2
102650,3
117258,3
113373,1
114979,0
109894,0
119875,1
119466,0
105651,0
124215,1
105095,0
105343,1
103989,0
116841,2
122908,1
106166,0
110718,0
121499,0
111376,1
102285,0
117032,0
124870,1
104335,1
106112,1
123788,0
109854,0
100316,1
107837,0
100069,0
101343,0
124774,0
104693,2
124262,0
117489,0
107336,0
100436,1
107501,0
122494,1
106564,0
102914,0
113396,1
101755,0
102119,0
118444,1
109242,0
119086,0
110658,2
100537,2
103182,0
107461,0
116089,3
102566,0
114305,2
104283,0
105775,0
119009,3
105339,2
101019,0
105787,0
124162,0
114775,0
122833,0
103173,3
112648,1
117196,1
116415,1
112828,2
106991,0
105641,0
111940,1
124170,2
104933,0
103705,0
118500,2
103144,0
102521,0
111922,0
111662,0
118895,2
116281,0
118406,1
123509,3
101459,2
103175,0
112503,0
101368,1
101303,2
121168,0
101665,0
123782,0
113021,1
102015,3
114222,0
102338,0
104575,3
108657,0
121072,1
104590,0
119843,0
110964,3
122025,0
106608,0
102039,1
118740,0
121530,0
116859,1
109996,0
108538,2
100191,0
121848,2
110196,0
117401,1
118874,2
104473,2
120686,3
108267,0
107104,0
114034,0
106353,0
113700,0
110080,0
112908,0
103819,0
118104,0
110801,1
114710,0
118936,0
100185,3
105262,2
120328,1
121297,2
124489,0
122747,0
106694,0
113976,2
114238,1
103308,1
102844,0
107222,2
105464,0
107192,0
103246,0
111080,0
123984,3
114223,0
102634,1
104034,2
108470,0
107905,0
102661,1
113271,0
106305,0
101484,0
108583,2
109802,0
116985,0
108635,0
111111,0
123251,0
119304,0
113886,1
124997,0
100840,0
118462,0
116167,0
119087,0
110184,0
107677,1
109848,0
107617,0
100570,2
100238,0
113074,0
107636,1
118661,0
123484,0
107519,0
117912,0
116407,1
124678,0
119795,0
117530,1
119969,0
106186,1
101027,1
105988,0
105103,3
116956,0
116310,0
110397,2
103802,0
119321,0
120202,0
122146,1
120722,2
109702,0
120785,0
116850,0
106920,0
120668,1
109935,0
123846,0
100833,0
120802,0
123593,0
120229,0
101655,2
100655,0
109635,2
102728,3
115958,0
109541,2
108225,1
117688,0
124950,3
110664,1
120835,1
120900,0
108630,1
119880,0
123007,0
118006,0
113730,0
116037,0
110266,0
104205,0
124291,0
122958,0
124437,3
113669,0
109385,0
101480,0
103747,2
100580,0
109132,0
100894,1
115053,0
121705,1
103143,0
108900,0
112787,0
118445,1
108709,0
109100,0
103483,3
118659,3
108114,3
115588,0
104096,1
123408,3
109328,3
124592,0
101138,0
104481,2
108089,2
106833,0
106027,0
103107,0
118875,0
117818,1
100848,0
122163,0
107772,0
122427,0
110825,0
122234,0
120602,0
113945,0
108984,0
117531,0
109316,0
103641,0
114930,2
111470,0
113303,0
120661,1
101070,1
103936,0
123610,2
104104,0
121017,1
109753,0
110631,1
105295,0
123674,0
116951,3
112553,1
110293,2
100924,0
101910,2
110237,0
103241,0
119961,0
114682,0
106204,2
119560,2
124410,0
112114,2
119585,1
118941,0
103163,0
100414,0
116524,0
124963,0
103508,0
118095,0
106228,1
118832,0
113298,1
117125,0
122413,1
121312,0
107474,0
119061,0
109638,0
114937,0
124828,0
121844,0
124505,0
107980,3
111359,2
101778,0
104074,0
104525,0
103694,0
104806,0
122074,0
119643,0
103198,1
100828,0
104830,2
121001,0
101706,0
106052,2
124967,0
108732,0
111884,1
110593,1
114071,2
119113,0
117587,0
110794,1
114887,1
114620,0
106671,1
105563,1
109788,1
110392,1
101702,0
114526,0
123696,0
102164,2
114539,0
102878,1
102662,0
101605,1
121475,0
100590,0
109868,2
104990,0
114361,2
101345,1
110591,2
101198,0
122529,0
122399,0
104638,0
122065,0
118655,2
104997,0
120147,1
103464,2
109222,0
115061,0
120817,2
114964,0
105406,0
100141,0
117373,0
124369,2
115023,2
108690,1
114626,0
121121,2
123217,0
100391,1
105801,0
116790,0
119970,2
101336,0
112776,0
118939,2
123159,0
115290,0
111475,1
114985,3
117835,0
110119,2
118927,3
116333,2
109503,0
121215,0
107946,0
114586,1
122769,2
106865,0
110281,2
116633,2
113267,1
122677,1
117812,1
100933,3
117174,0
109289,0
118273,0
119405,0
119135,0
112919,0
119724,2
124705,0
118473,1
102341,0
105335,0
113767,0
108169,2
102287,0
108738,0
114232,2
117635,2
108018,1
101991,2
108401,0
108205,0
112768,1
119180,0
121246,0
104112,0
112608,0
103639,0
118123,0
120060,0
119815,0
117535,0
115258,0
109318,0
119659,0
101191,0
104709,2
115818,0
122642,2
100939,0
119773,0
112157,0
114637,0
120643,0
106235,2
100262,2
108238,1
100213,0
114149,0
116378,0
115357,0
100020,0
116473,0
100549,0
105231,0
118417,3
116983,0
108223,2
118722,2
111395,0
106860,0
100355,0
100716,2
109715,0
104458,0
116084,0
119411,0
117223,0
116104,0
109447,1
116913,0
101268,0
119745,0
109818,1
117158,0
106383,0
108966,1
122857,2
121787,0
107215,2
101383,0
108085,1
124814,0
105395,3
115217,2
105298,1
104983,0
101678,0
108705,3
113076,3
103021,1
123037,0
124684,1
106500,0
109998,2
115376,0
116811,3
104685,0
108013,0
101672,3
104781,1
109640,1
109458,0
109236,0
110362,0
122305,1
117543,1
102196,1
101195,1
105146,0
115173,0
101772,2
119538,0
121179,1
120432,1
108178,0
117862,0
101835,1
110792,0
100367,0
113404,0
123939,2
104480,2
111340,3
117037,0
102771,0
100787,0
105762,0
120990,2
100843,2
112947,2
116021,1
111949,0
112003,2
116220,2
120988,0
110910,0
105558,0
117906,2
103024,3
117725,0
112721,1
103478,0
124792,2
112262,0
124769,0
101254,0
107577,1
112462,0
115755,2
115004,0
119296,2
106110,0
108345,0
107629,1
108526,1
123567,1
120805,1
123641,0
104565,1
108129,2
108215,1
113205,1
124469,1
117566,0
105392,1
112923,1
111538,0
120883,0
112015,2
112139,0
119287,0
110315,2
121566,0
106303,0
101267,0
110560,0
109392,2
108261,3
107061,0
114584,0
112824,1
101312,3
102255,0
100771,0
113939,0
116148,0
118046,1
112202,0
118817,0
102393,0
118251,0
122571,1
114871,0
113354,2
118873,0
118249,2
120329,2
120174,0
115637,1
124106,0
100572,0
119299,0
118727,0
116764,0
110929,2
103404,3
123465,3
117980,0
104080,0
112113,1
103981,0
112904,2
122006,0
120055,0
113043,3
103266,1
107790,0
109231,0
109230,0
118083,2
119247,2
101733,0
123986,0
106594,3
108932,0
112170,0
110538,0
122676,0
100752,0
100456,3
103027,0
100124,0
106582,0
119231,0
121085,0
106624,0
111715,1
112711,2
106428,0
114384,1
120231,0
107128,1
114039,0
118751,0
117066,0
112162,0
104820,1
111452,0
113486,0
110422,2
110530,0
110233,0
115099,2
113971,2
108474,0
123557,0
117667,1
103297,0
120179,2
119182,1
112587,1
100798,0
101768,0
107485,2
122330,2
116890,1
101845,3
108313,1
109061,0
124690,3
115701,0
110618,0
108009,1
102909,1
122504,2
120385,0
102567,0
115943,0
105757,0
101970,0
110373,1
103240,0
124553,3
116483,1
100109,0
104318,3
100739,0
107664,0
113650,0
100060,2
101813,2
114329,2
124270,0
117329,2
103356,0
107117,0
100601,0
117869,0
123405,2
110312,0
111873,0
116283,1
108816,1
120239,0
123480,0
103558,1
116182,0
104388,2
106317,0
107263,0
100888,1
106651,0
102637,1
123571,1
107393,0
108016,0
102036,1
111682,2
104083,0
102386,0
103947,0
102807,0
119761,2
119034,0
112989,0
117943,1
123790,0
104454,0
116425,0
101327,0
104326,2
110633,3
119060,1
119235,0
102086,2
102087,0
117800,0
119200,1
102349,0
123192,0
108507,3
102810,0
101101,1
124004,0
113207,0
121308,0
114741,0
115629,1
106988,1
117751,2
104916,0
100446,0
114785,0
106562,0
118111,0
107257,2
114929,0
114912,2
123255,0
102835,0
