ID_Cliente,Target_Risco
122889,0
123769,0
111944,2
110585,1
110554,3
106924,0
109988,2
124111,0
104345,1
109466,0
118016,2
104015,1
109268,2
103627,1
107323,3
107591,2
101763,1
121717,2
109336,1
122217,0
107289,1
123174,1
121472,1
118212,2
118026,3
102436,3
117851,0
114489,0
110317,2
118920,3
102504,1
113278,3
100420,3
120524,0
121101,2
111101,2
105902,2
116116,0
117775,2
119547,3
107033,3
111245,1
112795,3
110211,1
118994,1
119856,2
116606,0
103206,1
116103,1
122812,1
121954,0
104673,2
104406,0
118671,2
104215,2
112190,1
106951,2
112532,0
106091,0
110504,3
102023,2
115052,1
103192,3
108296,3
122651,3
109472,0
109475,2
122250,0
102601,3
124608,0
118808,1
100772,0
115632,0
111631,3
108322,1
124300,0
117924,1
108729,2
114659,1
102276,3
102788,3
109121,1
112538,1
115627,3
122159,3
100914,1
111926,2
107011,3
122818,3
110239,3
123106,2
105830,3
101296,3
100239,1
116883,1
123260,3
120577,3
123997,1
100047,2
112259,2
118851,2
109321,3
124169,1
104767,3
122848,0
108168,0
108562,3
114974,2
102954,3
112042,0
113008,2
122315,0
113448,2
121889,3
119290,2
101585,0
120485,0
105944,3
109614,1
114082,1
117250,0
103601,1
106160,3
101853,3
103087,1
102722,0
117426,0
122271,3
120407,3
107866,1
103171,2
121505,3
103856,3
104705,0
107975,0
110411,3
101320,2
122970,2
106397,0
104994,3
113040,1
116224,0
123747,1
105212,1
121961,0
104320,0
114407,0
111644,1
121695,0
107720,0
112723,2
100901,1
101917,0
117270,1
114143,3
100638,3
116849,2
110408,3
112453,1
107230,1
101361,2
115130,0
122885,2
118457,3
109183,2
118770,1
104139,2
121451,3
102225,1
111344,1
106439,0
122168,1
118973,3
113202,0
105713,1
111282,1
114828,2
111801,1
100209,1
122618,3
119270,2
112255,2
117374,3
104726,1
119521,2
124107,3
107880,2
123943,1
114434,0
108904,1
104062,0
111636,2
109083,1
119190,0
124936,2
108210,0
114430,2
107619,1
100176,1
100137,3
104622,0
100723,0
106981,2
109290,1
124200,2
104121,0
103684,1
121820,0
112083,3
120378,3
105764,1
118224,1
123804,0
114242,1
120556,3
117650,3
112786,1
116938,2
118375,0
118787,2
112596,1
112140,2
103439,2
100790,0
112730,0
101106,2
112915,0
104434,0
105093,1
107031,3
121587,1
108121,2
119723,0
123115,3
105737,2
105038,0
108106,0
116943,3
122565,1
111317,0
115557,2
100993,1
122143,0
116564,2
102081,1
107887,2
100998,0
111805,0
123474,1
108550,0
124441,0
120651,0
123271,3
109067,3
111117,1
111138,3
122387,1
110320,3
102109,3
114425,3
109721,2
124796,3
103330,1
116313,3
115246,2
110917,0
100357,3
103883,0
104782,2
111904,0
100691,2
121577,1
100190,1
111458,2
121350,2
111328,1
115441,3
119126,3
113131,2
101994,3
103798,1
124029,0
116186,3
121254,0
121635,3
108029,0
116100,2
105446,1
107612,0
109360,1
120721,1
111692,1
105401,0
106261,0
109539,1
107994,1
106786,1
123124,2
121265,3
114998,3
117157,1
105215,2
121469,2
107941,3
119147,3
110797,1
122898,3
111209,0
115091,1
109362,0
119829,3
111822,3
117785,0
120868,0
108662,3
101957,1
124068,0
121989,3
107833,1
112464,3
118838,0
101040,1
102464,2
113151,3
119662,3
118764,1
108000,3
113924,3
123090,0
113014,2
122209,0
106794,0
114943,0
120542,0
107379,2
109536,3
107624,0
110197,1
119778,3
123542,3
103068,3
109872,2
102998,3
101588,0
103168,3
116762,0
113067,2
118664,3
107560,1
100524,1
104921,2
102624,0
103650,2
103538,3
119313,0
116337,2
100766,1
103475,0
105076,2
115309,0
107015,2
103513,2
102001,1
123875,2
102826,1
103162,2
102396,3
104729,2
110629,0
122606,0
122846,2
103739,2
120771,2
102088,0
120046,3
109262,2
102303,1
103927,3
119532,0
124908,1
119697,3
107908,0
113814,1
120663,3
111429,3
123499,1
114722,1
109335,1
114225,3
113510,1
118565,3
102411,0
116143,0
109200,1
110617,3
102289,3
103980,1
103459,2
116457,3
110813,0
103349,0
112646,0
103318,1
107728,1
106589,2
105386,1
112133,0
101081,1
104531,1
117616,3
101033,3
101022,3
103860,2
116026,0
110906,3
102551,2
112640,3
118765,2
113909,3
122831,3
115322,3
102708,2
113503,2
109675,2
104312,0
100429,0
110827,0
107554,0
119888,2
107848,0
107422,2
113698,2
106553,3
119763,3
110587,3
114043,1
120662,1
122542,0
106588,0
103943,2
116825,1
103803,1
122578,2
111984,1
103888,3
117668,3
101612,3
106426,0
116965,0
103960,1
109135,1
116388,0
112820,3
101638,3
110545,1
112644,3
120623,2
101395,2
110769,3
116723,2
100257,2
123658,1
108916,1
117735,2
108877,3
108842,0
101373,2
122129,1
110280,0
115175,0
115333,2
105561,3
122320,0
107001,3
111397,2
115295,3
116067,2
113562,1
113056,0
123436,3
107434,0
109258,1
106372,1
116109,1
114578,3
124508,0
106790,0
102565,3
118636,0
105310,1
123332,0
100215,1
111478,1
110556,0
121751,1
111655,1
104400,0
110523,0
117824,0
112683,1
105200,3
123322,1
106702,2
117059,0
108140,0
101644,0
121670,1
119537,1
104384,2
108500,0
121637,3
124348,3
109435,1
108449,1
122122,3
109406,0
110212,0
107665,1
121430,0
105411,3
123510,3
122430,1
108647,1
115845,1
121502,3
119160,1
111051,2
104576,1
108736,2
101742,3
111998,3
103507,0
120425,2
106933,3
119703,2
103428,2
115991,0
103085,3
100063,0
103930,2
113843,2
109031,3
115810,2
104447,2
112470,0
102066,1
113944,0
101339,0
117496,0
115249,1
120539,2
122847,2
101231,1
111807,2
115364,0
106381,1
116395,0
102228,0
121901,1
119001,2
106654,2
103067,0
109396,2
101259,2
117872,3
124965,1
103520,0
108356,0
122000,1
100777,3
120112,1
105320,3
120221,3
110509,1
109368,3
113123,3
114619,2
115847,0
107383,3
102415,0
108174,1
119837,3
109223,3
104061,2
112248,2
114548,2
117129,0
115068,3
101971,2
108914,3
114351,0
101177,2
121749,0
106257,3
105664,0
100654,2
111349,0
108632,2
107747,0
119499,0
110158,3
100989,2
107874,0
101500,2
112866,1
108498,0
112582,0
116658,3
118065,3
120388,3
100694,3
100091,3
117609,2
111855,0
102203,2
106520,1
116959,3
114940,2
115094,3
100612,2
116569,2
109778,3
118846,0
101822,3
110099,0
124028,0
112370,0
104332,2
120080,0
116347,3
103512,0
110584,2
106416,2
113629,0
113345,2
102344,0
104145,2
108083,1
123823,1
103126,2
113005,3
104005,2
100358,2
108485,1
117368,0
105610,1
117956,1
102463,0
102486,3
122349,2
112725,3
113341,3
122325,2
110995,3
114818,1
111821,0
104582,2
103499,2
111593,1
101179,0
111629,1
115597,0
111843,3
119261,3
100547,3
103873,3
119310,0
119759,1
107328,3
113443,3
124818,1
101890,1
112158,3
106354,1
112281,1
100281,1
115332,0
107814,1
123104,2
114904,1
122636,0
107767,3
124067,3
121260,1
111872,3
120410,0
115996,3
111973,2
101326,2
113119,0
114259,2
114243,2
102406,1
101013,3
117721,1
104828,0
100859,3
118578,3
117150,0
123978,0
110359,3
111392,0
124209,3
118753,2
118702,2
100505,0
117279,3
105195,0
110117,2
114092,1
118078,1
121559,0
109471,0
121219,1
113144,1
102887,3
114726,0
119733,2
124204,1
110564,1
101463,3
104466,2
114299,2
105993,3
123014,1
115788,1
100631,2
119333,3
106155,3
116264,0
110054,2
107114,0
119314,1
123235,2
108663,2
122510,1
118355,2
124942,3
117778,1
118557,1
105207,3
112404,1
123447,2
120844,0
105159,1
100279,3
109958,3
105264,1
116604,2
116953,1
115851,3
112440,0
108692,3
118164,2
112698,1
117595,2
111696,1
117905,2
103777,0
104436,0
102069,2
117313,3
115947,2
102754,2
103950,1
117128,0
106629,2
109393,3
104503,1
106625,1
124430,2
114859,2
113615,3
122772,3
123301,3
115469,2
105509,3
108193,2
107162,3
102527,2
109094,3
106756,0
123631,2
112876,1
105823,1
124308,2
101247,0
120991,1
105429,3
104577,2
105536,0
100293,0
119260,2
120005,0
122826,1
122408,1
124172,0
114540,2
107143,0
122402,3
108979,1
116488,1
107534,1
113571,1
119442,0
111642,0
120845,0
114336,3
106524,3
104633,2
101860,0
123878,0
119430,3
112395,0
102735,0
124702,2
109707,1
122527,0
107957,0
121616,3
120780,3
111961,2
121193,1
105430,2
112062,2
100462,0
123049,1
118370,3
119648,3
114744,3
101457,3
111314,3
106362,2
117620,2
107604,0
115673,1
101952,2
100427,2
117911,2
114814,1
104177,1
105362,1
107707,1
113848,0
115240,0
112798,0
102795,2
114840,2
105487,0
120858,3
121876,0
121897,0
111405,2
103393,1
111972,1
114949,1
118684,1
116027,1
102983,2
115239,3
111543,3
103004,0
114217,2
110251,2
104953,2
117967,3
117310,0
122725,1
103632,3
102118,1
122186,1
119972,1
103055,1
107363,0
113344,3
117413,3
122283,1
120941,2
109696,3
103258,0
116126,1
115954,0
123264,1
106341,1
124302,1
100598,0
110091,3
109804,3
101074,3
113786,1
100368,2
121095,0
113183,2
110858,3
112501,0
124488,2
112324,3
115976,1
116506,0
119011,1
101163,1
113575,0
102621,3
106199,1
102831,1
124525,3
122528,2
118011,2
110571,0
105550,1
123016,0
121881,1
111249,0
103113,1
121574,1
111066,2
111974,3
103191,0
115050,3
119816,2
121847,3
118413,2
111113,2
115447,3
116435,1
106018,2
103838,3
111266,3
116172,3
105571,1
113308,1
124933,0
120559,2
118219,0
110559,0
104202,1
105230,1
122577,3
101550,0
115762,3
101044,2
104519,1
121188,3
117078,3
108967,0
123608,3
120049,0
106016,0
110775,1
107567,0
101121,0
103506,0
112849,2
123210,2
105604,2
109882,3
111236,1
111228,2
100881,0
107638,0
116688,0
103919,1
100488,0
122849,1
103463,2
118461,0
104127,0
109911,1
112848,3
115526,1
103329,0
109018,0
120938,1
118147,1
111657,3
120792,2
106352,1
110041,2
116122,3
102219,3
117411,0
118230,1
109239,1
109831,2
106630,0
106642,0
105060,1
104097,1
113315,1
118154,3
119906,3
122286,1
106771,2
122359,2
110474,1
105948,1
117065,1
114684,2
121945,0
121022,3
114454,2
106336,3
109041,2
103281,3
107563,0
111213,1
106675,1
112965,3
117589,1
100946,2
122266,0
103332,3
121794,2
113950,2
119921,1
110348,1
110127,3
110292,3
107207,2
123175,0
111548,2
119987,0
105467,1
112250,3
113357,3
106859,1
102106,1
113382,2
123153,2
118591,3
121218,2
100244,1
120693,1
117259,3
114383,3
111874,1
118185,0
106623,2
110026,3
101353,1
108258,3
121808,2
101891,1
116538,3
102866,3
101289,2
123443,2
113791,3
105709,3
120166,1
113431,1
123216,1
110958,3
102149,1
123527,2
113229,2
107899,3
117323,2
118807,1
114443,1
120874,1
116765,2
101487,2
119769,0
119193,0
112213,1
110755,1
109529,3
117251,1
116828,2
103263,2
101722,0
106955,1
119219,0
119484,3
102785,0
118954,1
110332,3
118458,2
102755,2
111685,3
110092,2
124946,3
115198,1
100297,2
123559,3
101462,1
100635,2
107358,3
110349,1
109615,1
100855,1
110747,2
104759,2
111242,1
123520,0
103813,2
112291,1
112401,2
109929,1
112402,0
110123,0
114323,2
102273,3
104280,3
102500,0
122184,3
110854,1
100799,1
124165,2
110855,1
123141,2
111143,2
115306,3
121878,1
104304,2
114646,0
120426,1
110841,0
122564,0
110427,1
108704,2
116722,1
118289,0
120082,1
107870,3
109469,2
105110,2
113461,1
121276,2
121076,2
117995,1
107074,0
118521,0
115152,3
106570,0
115618,3
122291,1
105533,2
116015,0
120277,2
100895,1
117811,0
115643,0
107490,3
113027,1
121750,3
107151,1
111253,1
111785,0
107667,1
101269,3
107625,2
115373,2
112364,3
108353,0
109287,0
117221,0
124147,0
106267,1
109464,1
121709,1
106265,2
108489,2
110218,2
124686,0
114078,0
105419,3
100481,3
119189,0
108254,3
122461,3
101508,3
103431,0
114504,2
111537,3
123261,0
121064,0
114926,2
100332,2
111040,1
109284,0
115255,3
121795,0
111190,2
118725,2
119021,2
115423,1
110924,1
114490,0
111063,3
100260,0
124831,1
102968,0
102414,1
105312,2
121964,1
118608,0
119467,1
109255,0
119583,1
111026,2
108112,0
106747,0
100004,3
102978,2
100461,0
108961,2
112094,0
117370,3
124673,2
116582,3
117662,2
122906,1
122343,3
105037,2
122033,1
107839,1
116022,3
118057,2
123754,3
122691,1
112519,1
113634,2
107914,2
106855,1
105109,2
101257,3
100370,1
104938,0
116093,2
116033,1
109420,3
109293,0
107984,0
108834,0
101761,1
102490,3
124131,3
121605,0
102586,1
119542,0
122148,0
117690,1
105729,3
104989,3
109136,1
114452,1
122094,0
120632,2
114891,3
102234,3
114380,0
102761,1
112097,2
119902,2
123677,0
119822,3
117104,2
111087,1
114884,0
119809,1
107802,2
117379,0
111374,1
109130,0
115341,2
110762,3
112982,1
100650,2
117302,0
123889,2
122188,2
120720,2
124231,0
120321,0
106823,1
120310,3
101187,3
114969,2
104560,1
118978,1
116288,1
104249,3
117753,0
104342,1
117756,3
117168,0
124356,2
124354,2
105325,1
107338,3
122612,1
110721,1
115651,0
109798,3
106247,3
106964,2
120339,0
121335,2
113778,0
106824,1
111335,1
120878,2
122066,2
121425,2
103213,0
102198,0
122713,0
103397,2
116146,0
100161,3
104521,2
103145,1
120199,3
110731,0
104423,3
108162,3
115542,1
117782,3
124184,3
124490,1
113783,2
113593,3
113813,1
112794,3
102020,2
101332,3
108319,1
112276,3
121251,0
116450,2
121404,0
117830,1
117764,0
124341,2
114385,3
111812,0
107807,1
121992,3
123910,3
111093,3
115516,0
103801,3
101477,3
122400,0
121536,2
107757,1
116726,3
106990,2
122425,3
107953,1
116371,1
115062,3
115365,0
112179,0
103804,1
121016,0
106845,1
120726,2
120212,0
122374,3
102994,0
102002,3
123048,3
115515,1
111877,0
111613,3
112859,3
120121,1
112611,1
104720,1
103275,1
103774,2
115668,3
120747,1
103435,1
105745,0
120110,3
123038,1
114497,3
119032,1
103034,1
119346,1
103212,2
120860,3
102664,2
109533,2
110580,1
111320,2
119513,0
101043,3
115566,3
115582,3
119787,0
104884,2
116319,0
122426,0
109596,3
107872,2
117163,1
121459,1
122616,1
112742,2
107640,3
117927,0
114910,2
119893,1
102753,2
121329,3
106022,1
115812,1
105455,2
114544,3
119878,1
111260,1
111967,1
114652,0
117683,3
110466,0
116011,3
111888,0
120840,0
103942,1
108532,2
104837,3
122553,2
117508,3
118025,0
113658,0
106905,0
104035,3
119063,1
121336,3
103448,0
124576,0
121204,3
109400,1
116617,0
116206,2
124311,0
117363,2
122028,1
106209,1
114571,0
100817,1
119709,0
100689,0
121922,2
110889,2
104072,2
103052,0
104919,0
113550,1
119211,3
106974,3
104686,3
104901,0
123394,0
109875,2
107730,2
114203,3
107279,3
113088,1
105092,3
113093,3
106789,1
105218,1
101710,3
107139,1
113782,3
119721,1
109109,3
118686,3
122866,2
116519,3
103207,2
116323,0
110546,3
124019,3
118947,1
105660,1
102640,1
117462,0
103727,2
119469,3
109878,2
107043,3
115035,1
121981,2
108019,2
120670,1
118997,2
116642,2
111964,0
100852,3
105526,1
112485,2
122454,3
110609,3
124420,2
104732,2
105314,2
119116,2
114083,1
119712,1
104426,3
101599,2
116370,0
119827,1
113610,1
105805,3
115489,3
117882,2
109820,0
109723,2
117410,0
101683,3
105504,2
108829,3
101682,1
121703,3
114903,1
103879,3
112085,2
111663,0
106003,0
114893,3
110925,0
122792,1
109870,2
104585,1
101498,3
123186,0
119396,2
105485,1
122554,3
107226,3
116005,3
107906,3
103680,0
113991,0
108570,3
115822,1
101817,0
119150,2
112417,3
110491,3
105609,1
118819,1
100366,3
115124,2
107348,3
117100,1
116847,2
105809,2
116601,2
103201,0
121036,3
120889,1
105273,1
113995,2
102547,0
110622,0
104340,0
103407,3
115263,1
114138,0
119284,3
117909,2
118079,2
102270,3
100233,1
106987,3
110277,3
101135,2
110477,3
108346,3
113247,2
100039,3
121756,1
106717,3
119908,0
101052,3
103853,0
115726,1
112602,1
106563,1
108721,3
103790,1
108930,3
122754,1
111802,2
120317,3
118984,0
112148,2
119765,1
111767,0
121321,2
113946,0
110361,2
124001,2
101436,0
116905,2
100921,1
113370,0
112020,2
102340,2
115446,1
104363,0
103606,3
118222,1
108304,1
106458,1
118766,0
115280,2
114794,3
117440,3
103450,3
107052,0
100128,0
115960,2
116285,1
107417,2
102683,2
117707,2
124257,1
110842,0
116246,3
107998,2
102880,3
100527,2
119495,2
123277,2
104101,3
118535,0
103770,1
116673,3
122942,0
114451,0
118369,3
115007,0
122436,3
103413,1
118207,2
106932,2
112392,1
114036,1
122076,3
117676,3
106846,2
103603,1
107725,2
101541,1
103224,3
115107,1
124381,2
112024,0
100916,3
124514,0
111892,3
116058,1
107233,2
102717,1
123366,1
105061,2
100826,2
100061,2
109276,1
106853,3
119811,1
104155,0
116258,0
109667,0
116174,2
123343,1
110368,3
108125,0
117518,1
114931,3
112050,0
111274,0
101053,3
109864,1
114154,2
115945,0
111965,0
111487,1
121281,3
122213,1
120381,0
124191,1
119637,2
115578,1
101773,2
122662,1
121965,2
120163,2
120030,3
105168,0
113707,1
117035,2
112120,3
111062,1
116901,0
113821,3
101920,3
100095,1
113978,1
105453,0
121868,2
108614,2
109679,3
111420,3
119306,3
110784,2
117653,1
117038,2
100265,1
114560,2
117320,2
106626,0
102258,0
122783,2
121069,1
124031,2
119145,2
105522,0
115468,0
114762,1
112131,1
119586,1
120304,3
116587,3
106781,2
109527,1
118539,2
109053,0
104680,2
102543,0
111108,2
106613,3
112642,1
118300,3
115208,3
104196,2
122551,2
118036,1
122260,1
110052,0
112046,0
120931,0
113688,2
113001,3
123075,2
103008,2
100434,2
103716,2
116775,1
111373,0
124364,0
104390,1
100858,2
109618,1
100528,1
105334,3
112690,1
123628,1
105538,3
117160,0
115805,2
120416,2
113570,1
105515,3
118330,3
104118,2
111224,2
109489,2
105445,0
124780,2
111525,0
124784,0
106615,1
124932,2
107416,3
113987,2
123226,2
104208,1
116201,0
112790,0
104007,2
103986,3
112297,0
109044,0
120226,2
120382,1
119257,1
124902,2
107809,1
119017,2
116799,0
104031,3
119947,0
118793,0
123303,1
122211,3
115021,1
119953,1
120865,2
109184,2
105091,3
109619,3
106278,3
108308,2
119353,3
101838,0
115044,2
105279,0
108229,0
100354,0
105205,0
115649,0
102776,3
105066,0
111265,2
113078,2
114438,2
124770,0
103734,1
100605,3
113080,2
116481,0
115178,0
122310,3
123045,3
102802,0
107758,1
109584,3
105649,1
115679,3
119511,3
101719,1
122708,3
117488,3
122836,0
124573,1
109151,1
114275,2
106985,1
101936,1
112816,2
116282,1
109752,1
120449,1
105102,0
111179,0
115157,1
112422,1
102243,0
123199,1
102927,2
116316,2
118777,3
122386,2
109734,3
101271,0
124460,0
111542,3
112606,2
106911,2
121042,3
118844,3
112668,2
124190,3
122919,2
100873,1
104255,2
118114,2
113502,0
116898,2
117331,2
122416,2
115619,2
104164,2
110738,1
116980,1
106950,1
111361,1
117044,0
120442,2
111016,3
107208,2
115380,3
120340,2
104209,0
117322,1
112018,2
116418,0
104623,2
108433,3
119808,3
122863,2
109567,1
123125,2
112763,1
114075,0
110832,0
101916,1
115765,1
109919,2
110905,3
122969,0
111178,2
105577,3
114440,1
109407,3
104025,3
111512,3
103377,0
112415,1
116393,2
121250,2
120444,0
120498,0
106242,0
110272,0
117606,0
107517,3
120951,2
120499,1
118834,0
123218,1
107596,3
114870,2
114332,3
110390,0
120925,1
108326,2
124984,2
111177,2
104461,0
103481,0
104528,2
115493,1
107522,2
113406,0
109247,3
104211,2
124455,3
106896,3
123612,3
117240,2
104001,2
110932,0
121429,1
124394,3
115594,2
104918,3
106928,0
111134,0
109347,3
107722,0
115936,0
111551,3
107702,2
124355,0
100613,0
102872,3
100602,0
121158,3
106263,3
103528,2
123169,2
110189,3
122785,3
102742,3
105681,2
115176,2
118074,3
116211,2
103405,1
114365,0
106760,1
111937,2
111659,1
107316,1
124084,2
122511,2
106579,3
107854,3
110981,3
115514,3
108128,3
112393,2
111482,3
108176,2
120168,0
116320,0
104311,3
121242,1
113535,1
100030,2
116689,3
121496,1
117809,3
120899,2
108741,0
116967,0
122661,1
120167,1
120035,3
113106,0
107225,0
114315,0
116745,3
124872,1
102653,0
114364,0
117801,2
123297,0
105595,1
107895,3
115443,1
103514,3
112766,1
112693,2
103674,2
115296,1
112252,1
115424,1
104361,2
106253,0
102374,1
110921,1
120411,1
116651,3
107093,3
121395,3
120783,3
108134,2
103835,2
113030,1
105934,0
122479,3
123529,3
105877,2
105249,3
102743,0
103845,1
103992,0
117169,1
116023,0
100977,2
110216,1
118989,1
113910,2
124433,0
100802,3
109605,2
116207,0
104184,2
112137,3
112081,0
105324,2
112236,1
119690,1
122726,0
101132,3
120437,3
121155,2
118798,1
107368,0
109235,3
103710,3
116532,0
119849,0
122216,1
118198,1
121634,0
114218,3
107787,3
118239,2
122576,1
103644,2
107210,3
121887,1
118433,0
102189,1
109741,1
101297,3
108845,1
108759,2
120749,3
111388,2
104200,0
108372,1
117569,3
117013,1
107996,0
114868,0
112136,3
123239,0
101450,1
111450,3
111453,3
115492,1
100170,3
109896,3
122181,1
108731,0
117832,2
102174,0
111019,0
103899,2
102894,0
123595,1
112706,1
112068,1
114863,3
111503,3
117003,1
121464,3
118042,1
105016,0
110267,0
106900,0
101107,3
119940,3
118824,0
123305,0
112203,3
101888,3
102413,3
116527,1
113255,3
110651,2
102067,3
124676,2
107921,2
104950,1
124314,3
116628,1
106966,0
109219,0
122758,1
105763,2
104527,1
123852,1
100571,1
107375,0
123825,0
118958,1
100595,0
109828,3
108386,1
107875,0
112433,3
120206,0
111775,3
105466,0
114132,0
105043,1
113366,1
101691,3
111581,2
110679,1
108454,3
108422,2
115378,1
105908,0
124511,3
116771,1
111341,3
102195,2
111012,1
111106,3
124969,0
108418,1
105635,0
104695,0
119142,3
101464,2
100468,0
111600,2
102897,1
111271,3
111369,0
103614,1
118758,3
100609,1
100941,2
108702,2
124289,2
109283,1
112744,3
104411,3
108861,1
112381,0
118796,2
105148,1
115122,0
123410,1
106032,0
104415,2
111286,1
124568,1
100606,1
124109,1
119070,1
102537,1
116886,3
107734,2
120399,3
112263,2
106044,3
117436,0
124252,1
118038,1
118041,0
123482,2
121784,3
121611,0
113489,1
117790,2
106536,1
108104,1
112864,2
120354,1
124971,1
101102,2
121208,3
113209,1
113996,0
114561,2
103166,3
121038,3
110222,3
101797,0
114971,0
104941,0
101080,2
101067,0
119076,2
105425,0
107273,2
120774,0
122248,2
110063,3
116505,3
102611,1
106963,1
109025,1
122670,1
118883,3
110508,0
111435,1
116234,3
101496,2
123985,2
113200,1
104294,0
101955,3
115977,2
119068,2
123547,3
106584,1
108750,2
108956,1
116009,2
103776,3
106740,1
119454,2
106685,0
124495,3
111994,1
116340,1
102224,3
108924,2
109826,0
100970,3
122850,0
109070,3
107498,1
124593,2
123035,1
105578,1
115106,1
122905,2
112973,3
119445,0
117406,2
101562,3
103771,2
115442,3
116946,3
103492,0
118548,3
123148,3
118675,2
112321,2
101381,1
107140,0
114760,1
107812,0
121789,1
110187,2
101793,3
117084,0
122508,3
122107,2
109482,0
120335,3
101302,3
108138,3
115125,2
115774,1
121279,2
102995,3
106697,2
111792,2
117614,2
122344,1
124629,3
109648,2
113689,3
105046,3
107251,2
106509,1
106123,2
114473,0
111652,0
106799,1
109418,3
109762,1
121494,2
103544,2
122322,0
109575,2
102803,1
119544,1
104465,0
101325,3
123143,1
114590,2
100180,1
100131,2
113287,0
113855,1
123354,3
107916,0
120516,0
109677,3
119813,0
119194,0
113084,1
124710,0
102111,1
123594,1
103953,1
124762,2
113138,1
115600,2
118259,1
107017,3
100110,2
118878,1
110850,0
113214,2
116452,1
124024,0
112809,1
124319,0
112857,3
117082,1
119055,3
123050,1
111305,0
113731,0
122983,0
121362,2
115540,2
108026,2
104234,1
103583,0
116105,0
111362,1
102324,1
106972,3
109312,3
100876,2
101047,1
121293,0
113720,3
101097,0
102357,2
106095,2
112479,3
103389,1
115140,1
103730,2
117178,0
114555,3
109943,0
118404,0
116429,1
114387,3
121262,2
110025,1
105250,3
107130,1
100992,3
111358,2
107954,0
101697,3
122518,2
112016,3
111446,0
108839,0
100558,3
108722,1
111055,0
115942,0
109801,1
117014,0
107473,0
123685,2
121112,1
118622,2
101598,2
124499,2
112524,3
100267,2
108915,1
112165,3
102416,2
111589,1
111406,1
106776,2
102956,2
107589,1
120306,2
104353,2
103566,2
100991,3
104779,2
121513,3
103243,3
114042,0
106286,0
104677,1
121258,1
118320,1
124462,1
103588,0
122548,2
113277,2
113046,0
124124,0
101829,2
120203,3
113977,3
105201,2
109905,0
106659,1
111674,0
121906,0
121117,3
109671,0
118467,2
106165,2
118047,3
120213,0
123766,0
100964,1
117696,0
116798,3
118641,3
124164,3
115684,3
120333,3
116676,1
103875,2
124233,0
106505,3
103969,0
106093,0
114362,2
118183,0
114602,3
107598,3
103458,1
106735,0
114936,1
113951,0
101109,3
113696,0
120821,1
102882,1
104671,1
122502,3
112041,0
117485,2
102070,0
104952,1
112777,2
103983,3
116300,2
106931,1
101119,2
108350,2
103051,0
104505,2
100432,0
101384,1
112066,1
121455,1
122361,0
119508,1
121056,1
113613,1
113800,0
121165,0
120366,0
112153,0
123990,0
120758,1
117198,0
121068,3
112511,0
109027,0
108648,1
124098,0
117120,2
113269,1
117139,2
105896,0
110364,0
114102,3
102068,2
105657,0
120779,3
107462,0
105127,1
120067,2
101858,3
120762,1
103934,1
122979,1
118538,3
104221,0
105632,1
109206,1
124387,2
113280,1
102838,2
118820,0
118269,2
123263,1
103618,2
114977,3
124266,1
119977,0
119996,0
122883,3
106877,3
112811,1
105073,3
120018,1
115713,3
124487,2
102121,1
122761,3
106157,1
120149,3
120303,2
101401,3
121311,2
104667,3
103461,0
109923,3
112171,2
107695,1
114562,3
105511,3
117447,0
123933,0
111507,2
124327,3
104639,0
100443,1
124010,0
119335,0
122106,2
107156,2
104547,3
119734,2
115946,0
114844,0
105957,2
124121,0
102334,0
106406,3
114854,2
106522,1
100387,3
103219,3
103749,3
108468,0
108968,2
121512,1
101937,3
114086,0
115502,2
107855,3
113705,3
110056,3
115310,3
113263,1
117955,2
121315,0
117403,3
106360,2
112163,1
102175,2
107753,0
101934,2
121344,1
110611,1
115745,0
101284,0
106943,1
101226,0
103582,1
118634,3
114983,2
103040,3
102141,3
112627,0
112808,0
122952,2
101887,0
120923,3
114326,2
105041,3
109568,1
100222,0
104996,1
111004,2
114551,2
107999,0
121468,0
117210,2
105135,2
119392,2
109663,1
121473,3
113892,2
111295,2
117899,3
101924,3
115705,1
112784,2
118918,0
100637,2
106161,0
121268,1
113859,1
113962,1
116546,0
101981,0
120285,1
120413,3
116746,3
101045,3
105553,0
123133,3
110366,1
111027,2
109457,1
108049,3
115933,1
120462,2
109320,1
111237,1
117527,1
123979,3
109361,0
110401,3
106422,0
107768,0
103731,2
119317,2
123456,2
119981,0
108452,2
101938,0
120334,0
108789,3
105562,0
105389,1
101241,0
120342,0
103286,3
121196,1
107389,3
102440,3
105995,1
124272,3
107391,2
102842,3
102313,3
117130,2
109059,0
113026,2
123233,0
112124,0
122771,1
122776,2
109394,2
114958,1
124211,1
115323,3
123276,3
120356,3
116268,3
118618,1
116238,3
107990,0
107610,3
113086,0
116743,3
117669,0
104553,0
111749,2
124176,0
108189,1
100037,1
118317,0
111198,2
102438,3
114171,2
117359,1
113602,3
101620,0
100634,2
124427,1
123973,1
101884,3
115862,0
110151,3
100985,0
122160,2
112076,3
109159,3
110657,0
112793,2
118625,3
106433,1
121944,3
105051,0
101519,0
123820,3
103097,0
111256,1
102207,2
105423,1
117113,0
102718,0
124513,1
101584,0
118035,2
101438,2
122083,1
101488,3
104631,2
122808,0
101667,3
101399,1
122842,3
112348,0
109451,0
112506,3
110200,0
115543,0
109542,1
123472,0
119922,1
104219,3
123356,2
107484,2
124837,3
100013,3
111058,3
107377,3
104611,1
118241,3
121081,2
122155,3
108561,2
104906,2
101537,1
119367,3
119578,1
119464,1
104000,1
105521,2
110186,3
119510,1
116637,3
112451,1
116832,3
119398,2
121872,3
122081,2
107821,3
106147,2
123871,2
108696,2
101521,0
122796,2
111797,3
103019,0
107605,1
114186,3
120260,1
124360,3
118645,3
110960,2
102201,2
104488,1
116326,1
117982,1
123711,0
108986,2
118551,1
102449,3
102403,2
122737,0
103135,0
100007,0
123134,2
114796,2
113253,3
124304,1
109644,0
117330,3
117443,2
121558,3
109507,3
123513,3
115459,3
107087,2
109767,1
105245,1
114024,3
100283,0
117304,1
124482,1
106162,0
114808,0
114331,3
114128,0
102372,0
116835,0
109102,2
114161,3
101136,1
123257,0
124651,2
117959,0
122534,1
102682,3
121845,1
101795,2
110527,0
110228,0
120590,1
124140,0
115261,3
101548,3
107829,2
118454,2
110137,1
115783,0
116416,0
116156,1
100054,0
107244,2
120620,0
117599,2
121706,3
105943,2
123770,2
119728,2
123505,0
117315,2
103971,2
111418,0
113568,1
111985,3
118368,0
113358,3
109357,0
121567,2
119366,1
117503,2
112331,0
102541,0
111651,2
109729,3
109952,3
107058,3
109637,2
106023,0
113158,1
112086,0
121442,3
105432,1
116412,0
120523,2
122303,2
105278,1
112358,3
104057,1
117698,1
108683,0
119223,3
105123,0
112769,3
118441,1
108285,0
102857,1
103292,2
104120,0
115908,1
113883,2
108075,0
118580,2
115963,0
123755,2
107838,2
109384,1
119846,3
121911,2
101152,1
118688,0
100698,2
101993,3
115452,0
105416,0
112288,2
115202,2
111946,3
119358,2
113391,0
101227,3
120825,0
107125,0
116332,0
115917,2
100389,1
111912,2
106807,0
101745,2
105410,2
111431,3
103792,2
113736,2
104138,3
120034,2
104476,1
117020,3
109429,1
115904,1
111935,2
101814,0
122756,3
111602,1
122197,0
112350,2
120350,3
104402,3
113905,3
109632,1
117274,2
121217,0
118228,0
123969,1
105955,0
120037,2
106957,2
105549,2
112477,1
121710,2
100493,1
103494,1
118522,1
102160,0
118822,0
123922,3
100483,1
105581,3
103041,0
115444,3
102161,1
109812,2
104239,1
110073,2
116124,2
113668,1
112167,2
107342,3
102970,0
122862,3
108057,2
109240,0
118508,0
103793,1
122007,2
118849,1
123166,1
112369,1
120401,1
120120,3
117741,0
114370,2
120135,0
110765,1
103125,1
114060,3
113206,1
110458,1
108091,2
101569,1
100827,1
119804,0
121453,2
115787,2
115529,2
115513,2
113400,1
112239,0
116044,1
116232,3
113994,1
101447,2
117405,3
117087,3
101472,0
109833,0
112439,3
121843,3
115692,1
119082,3
111741,3
123018,1
103374,2
120811,2
124113,3
120314,0
114800,3
123185,0
121243,3
112326,3
102209,0
117043,2
112600,1
107944,0
122706,3
104840,3
119453,3
120180,2
114604,2
107902,0
103468,0
101249,3
117145,0
100578,2
109821,1
105253,1
117252,1
110270,0
107091,0
122268,2
106868,0
116245,2
123961,2
105384,2
114077,2
104310,3
111048,1
118118,0
104146,3
115698,3
117697,1
112267,0
110575,3
124914,1
112780,3
112154,1
109968,2
123554,2
124267,0
123952,3
124931,0
124021,0
108765,2
111465,0
110819,1
100664,1
108817,2
102128,3
121363,3
116305,3
121707,3
116194,0
105352,2
118504,2
107649,0
113652,3
103901,2
119295,2
114457,0
119530,1
105952,0
118374,0
115422,3
120276,0
121598,1
124161,2
114817,0
110155,1
104594,3
123438,1
113228,1
122486,2
120622,1
113692,1
114941,0
124434,3
117281,3
108551,2
105914,2
123487,1
104453,1
123792,3
100949,0
107166,1
105421,2
122132,1
103271,3
107716,3
104764,1
100499,1
124258,2
103794,0
108038,3
107987,0
100872,0
119117,0
112994,2
111745,1
109625,0
117244,3
118051,2
121652,0
109354,0
113771,0
115955,2
106181,3
100784,3
105746,2
119622,3
101157,0
124322,1
103982,1
101465,1
124949,3
115727,0
107022,2
114585,0
101847,1
108383,2
101591,0
103599,2
119988,2
124884,2
108848,1
116001,0
104325,2
108302,1
116753,0
104148,0
109405,0
100467,3
113096,3
118785,0
102971,1
105795,3
107349,3
123702,0
114783,2
102021,3
124015,1
124916,1
114163,3
109597,0
116114,2
103525,0
115114,2
118999,2
101149,3
104946,3
121365,1
112389,3
123150,0
123739,0
104608,3
103518,0
110252,3
112895,1
115520,1
105080,0
120903,2
105244,3
105096,3
105841,2
123353,2
119073,1
119807,2
118934,0
101287,2
114715,3
116147,1
123464,0
106054,2
112051,3
124297,3
114923,0
119645,1
119376,0
117867,0
102952,3
119403,1
103235,2
122354,3
108071,3
102893,3
111088,2
118476,1
122903,3
117088,1
116427,0
120338,2
108938,1
116780,0
124210,2
105643,3
110208,0
119245,3
122388,2
118396,1
118601,0
106380,1
103620,3
106547,0
105501,2
113646,3
117290,1
119350,1
106479,0
115978,2
108527,1
101879,0
105828,2
117826,2
101784,2
106396,1
123663,2
121569,0
102548,2
112159,1
119263,1
111899,2
100156,2
106097,0
118020,1
111059,3
100023,1
112617,3
102353,0
103301,1
103202,3
106867,3
114328,2
102603,2
119023,3
124075,2
123535,3
112029,3
101300,1
108858,1
118572,2
119958,0
108744,2
102945,3
112754,3
116696,2
119738,1
124349,2
113060,2
109817,0
106878,1
109955,3
112411,1
118950,1
101170,0
109601,3
108159,2
120119,1
110949,3
112145,3
111517,3
109020,1
124294,1
114856,3
107609,0
111312,2
120477,2
108752,2
121722,2
113124,3
114251,0
111764,0
101221,0
123240,3
107936,1
106861,2
113453,3
121800,0
119049,2
114377,1
108222,3
117655,2
118568,3
120133,1
102691,2
110688,1
123541,0
115777,3
119414,1
120171,1
106105,2
100409,1
107844,2
114956,2
123708,3
111401,2
105000,1
104558,0
104791,1
118741,1
104581,3
115451,3
103409,2
105471,0
114810,0
117870,0
102568,1
118093,2
120081,3
109483,2
115930,2
111372,2
106295,2
121534,1
102202,3
122047,0
109612,3
109947,3
116516,3
124408,2
113265,0
104754,2
111476,0
108563,1
103867,2
119123,2
119688,0
104014,0
100272,0
116165,0
116704,3
102539,1
120742,3
108711,0
114234,0
113898,1
116769,1
117874,0
124119,1
117656,2
121305,2
102633,3
115846,1
120926,0
104076,0
108590,2
120089,3
121070,1
123082,1
102703,0
122256,1
111683,0
124205,2
118409,1
111086,0
112385,2
123430,3
123478,2
111310,0
122773,3
116066,0
103369,0
100759,1
106053,0
116598,2
122641,3
116957,3
114466,3
120016,1
123425,1
106940,0
102505,3
108520,1
120674,1
114786,0
121561,1
108161,1
113369,3
118394,1
110645,0
100399,1
102248,0
112950,3
109190,0
101716,1
116777,3
108255,2
114441,3
111334,0
101154,3
105008,3
104218,2
102858,3
118440,2
119621,1
104468,3
121943,2
102040,2
123326,0
110619,1
124788,2
105010,0
123768,1
105816,2
111140,2
109728,1
106976,1
106550,2
123626,2
111269,3
121998,1
124065,2
105202,2
113685,1
113273,3
113703,0
113961,2
121394,3
104857,1
119663,1
108021,3
119362,3
113781,2
106634,1
117191,3
109504,3
121304,2
108410,3
104730,0
119491,1
106585,0
109641,3
122503,0
112672,2
100506,3
101499,1
114798,0
102696,1
116796,0
118685,0
124961,1
110705,3
101576,3
123530,3
120063,1
110985,0
120115,3
104246,2
123160,2
119689,0
122099,2
117197,2
116087,1
119106,2
108197,2
117099,3
123202,2
100246,0
101321,0
104624,2
101972,1
110326,2
119136,3
115716,2
120610,3
122418,3
103116,1
111545,2
112383,1
124060,3
107123,3
112713,0
118553,2
112589,0
117645,1
116585,1
113426,1
105054,1
107436,2
124551,3
117231,1
124799,0
117477,0
107063,3
113711,2
120761,0
101848,1
123707,2
101595,3
118217,2
112801,1
115123,2
105922,0
105916,1
109626,1
122369,1
107592,2
121556,2
101912,2
101699,1
104265,1
112226,0
121487,2
113441,3
107200,2
113052,0
106478,3
120172,2
107603,2
102451,2
119682,3
119377,1
121232,2
110722,3
113937,1
124757,2
120489,3
105431,3
115012,2
121742,1
111440,3
113949,1
122811,2
108553,1
107115,3
119293,2
124117,1
118126,3
119449,1
112649,0
115089,0
103355,2
109921,3
112620,0
106411,0
112286,0
118916,1
121602,1
106595,1
100390,0
105671,1
116671,3
112761,3
118213,2
117217,2
123703,3
118827,3
102215,0
108864,2
111285,0
100978,3
101347,0
103713,3
119794,2
124237,3
109813,3
122820,0
102564,1
116827,3
112746,1
119582,1
124091,0
101453,2
115165,3
117097,0
107951,0
101183,0
119874,2
117408,1
102925,1
113829,3
101275,2
109595,2
114902,2
118856,3
103810,0
102868,2
124268,3
100929,2
104050,0
109220,3
105813,3
103840,3
101635,3
111769,1
114087,1
101048,2
115229,3
109869,0
117074,1
108136,1
124587,2
110750,1
103127,2
107082,0
118739,0
122440,0
117187,0
101124,1
100337,3
109727,1
122828,0
121033,3
112215,0
111182,1
103553,2
110257,2
119065,1
109158,3
100953,2
121524,3
100600,2
102469,0
113986,3
119254,2
118274,1
121352,1
104627,0
116123,0
100346,3
105107,3
107846,1
108423,0
121805,3
123783,2
108686,2
102236,0
104439,0
102420,1
100767,1
103842,3
116306,3
110770,0
123988,0
109588,1
111390,3
122459,1
115537,3
101470,3
124699,3
109610,2
112689,3
109154,3
115798,2
108807,1
101086,2
115739,1
114638,1
121673,2
100856,1
106285,2
124976,1
111366,1
103423,2
112800,0
124382,0
110978,1
118238,2
121240,1
100560,0
112907,1
114679,3
106577,2
111013,3
120074,3
123222,3
101553,3
101740,3
104805,2
121097,2
104993,2
117823,0
102635,0
100653,0
119199,1
102782,2
109008,1
116081,2
111722,2
118772,0
108552,3
124685,2
115143,2
108146,1
115655,0
118912,1
120841,2
122243,2
108334,2
106332,0
115804,2
109123,1
116248,1
113160,3
111459,1
103195,0
107042,0
109885,3
103455,0
120582,0
106945,3
107305,1
109621,2
121421,0
110982,2
124610,1
118876,3
105958,0
100640,0
106839,0
118673,1
103586,2
119839,2
101034,0
110610,3
122171,0
104324,2
120144,2
102953,1
108923,1
122203,0
104714,0
103521,3
110309,3
118399,0
106495,0
101725,2
104254,3
104981,1
119549,0
124073,3
107973,3
114256,1
101113,2
120788,3
111588,2
118296,3
113989,0
112850,2
103221,1
115508,0
122513,2
102536,3
106876,0
109974,1
110311,3
105197,1
116880,1
103104,3
108757,0
106476,0
110058,1
115880,0
113925,0
107969,0
113527,0
103944,0
118998,2
106506,1
101736,2
118745,1
100258,1
117641,0
114830,3
110449,0
115524,0
109391,0
124324,2
114153,2
100670,0
101873,1
112653,1
122298,1
121141,3
115521,0
115882,0
106655,3
111971,1
100545,1
115685,0
121164,3
106784,3
112799,0
106745,0
116127,0
115635,1
117521,0
114339,3
114631,0
100165,1
107559,0
110194,3
120257,0
116279,2
111413,3
119533,3
113553,0
113499,1
112842,2
120349,1
109927,1
100043,2
115335,2
119196,2
102240,3
108769,3
123647,0
103287,3
108201,0
109333,0
102916,3
111351,3
111443,2
122116,0
113179,3
117678,0
111232,3
112577,3
122514,0
108043,1
106244,0
102677,3
105917,0
106549,1
103670,1
123284,1
117884,0
108974,0
105557,1
107556,2
121415,1
111301,3
123923,0
123840,1
107806,2
112983,3
104932,1
123854,1
114934,3
121830,0
109985,0
102000,2
124368,0
106915,3
115603,1
102729,1
116405,1
101394,2
108725,1
113356,2
118430,2
105863,1
106844,2
124882,3
115049,3
103025,1
122938,3
102805,1
112225,0
105680,3
113515,1
106686,3
108898,1
123101,1
116475,1
118780,0
112899,2
122867,3
123463,3
111091,0
121255,0
111348,1
114513,2
105140,0
109580,2
100668,1
110238,2
110393,2
100986,3
110167,3
120738,2
118086,3
102457,0
117153,3
100889,1
100864,2
112073,1
108290,1
112351,2
112198,0
124560,0
118468,0
120196,0
120752,1
121497,1
113648,3
120009,1
122538,0
103020,2
104281,2
105697,3
104071,0
105893,3
117296,2
114244,2
109558,2
109582,0
106180,2
104780,2
106299,0
118416,1
103033,0
113296,0
122226,3
102638,2
111417,2
110051,3
117755,2
116557,3
115081,1
107755,1
123285,0
123808,2
122895,2
114778,0
109791,1
107397,0
100243,2
114738,0
124734,1
107761,0
118898,2
101417,0
101964,2
104449,3
117898,1
108101,0
120210,3
120586,1
109009,0
118697,0
109375,1
108370,1
108441,0
110519,3
123029,0
112056,3
114089,0
111207,2
109749,2
117958,0
118630,2
100145,0
113327,0
117233,0
106358,2
122745,1
120396,1
116826,1
121864,3
117429,1
109506,3
106322,0
111292,0
101076,2
123067,3
105470,2
117435,0
122978,0
120517,0
103539,3
118208,2
118729,0
102991,1
112509,1
113702,1
101159,1
107288,0
112027,0
103244,0
119051,2
119267,3
101622,0
108607,0
115063,0
124296,3
118910,3
102830,3
123477,3
118089,0
119507,3
106815,0
113867,1
116690,2
104419,1
113745,2
101398,0
117502,2
103828,1
110570,2
108260,1
120006,3
124607,0
103353,1
116228,3
106604,2
117603,1
118621,3
116860,1
105369,0
101375,3
111896,1
100121,1
104412,2
117932,2
103995,0
122442,2
121639,3
106508,2
107919,0
119841,2
117294,0
120193,1
101025,3
114101,3
123117,3
114851,3
121263,1
117068,0
115545,0
101824,1
118993,2
100249,1
123886,1
100388,2
117048,0
123105,1
106910,1
120320,1
110130,3
112306,2
121120,2
116816,3
101593,2
120863,0
123190,2
120031,2
106504,3
121779,1
113805,0
103396,3
107320,1
114420,3
102431,2
101420,0
110141,1
102596,1
118186,3
101062,3
103945,0
116390,0
107698,3
107966,0
114038,3
102850,3
111672,3
120466,3
119683,1
123588,2
120323,3
103142,3
124625,1
101304,2
111238,0
107353,1
114165,2
103939,3
116972,3
111527,3
109698,0
100822,0
101038,2
119040,3
109237,0
120423,3
102329,3
104701,1
116719,1
122515,0
114133,3
108733,0
119322,1
118930,0
108970,1
118926,2
110065,3
124989,2
100038,0
108337,1
123236,3
119478,1
120616,1
117234,3
121899,0
104644,2
123589,3
103977,2
100173,2
118442,1
117771,3
116742,2
100192,2
116062,2
107520,0
121136,3
116544,2
118979,2
110541,2
120578,0
112738,1
116670,0
100720,2
103177,1
120870,0
119465,3
118734,1
108251,1
113972,0
101834,3
104974,0
103836,2
121531,3
114834,1
105062,3
122633,1
120271,3
123026,2
111876,0
115704,1
108746,2
110681,3
107080,1
107488,1
109155,0
110490,1
119955,1
115833,1
122102,2
104103,3
102609,0
110885,0
122617,0
118131,3
124301,0
110240,1
100738,0
115238,2
114303,3
124043,2
115336,0
109807,3
107658,0
115184,3
100046,2
114988,0
102048,1
104404,2
111523,0
104285,2
110391,2
103391,3
114511,0
100850,2
121885,1
110050,1
118229,2
108023,3
114886,1
117732,2
112968,2
111212,2
105875,3
100005,3
124041,3
120073,1
112244,0
100231,2
124023,3
113719,0
110135,1
113331,1
107526,0
115921,2
113542,0
115770,3
111980,2
114338,0
114660,0
118708,1
112928,3
110494,0
111180,1
116355,1
122882,2
109761,2
121718,3
114920,2
102418,2
103186,1
121272,2
105491,3
114839,1
105315,2
120459,2
111697,0
122546,0
103037,2
108185,3
109292,0
121936,2
102990,1
110986,1
120666,0
105894,3
119520,2
101329,3
102446,1
100003,0
100284,0
108735,3
104040,0
105147,1
118347,0
112112,1
116069,3
101322,1
120955,0
106831,2
123537,2
123560,3
105194,3
102018,1
114176,3
110977,1
106748,0
111933,1
119331,3
122966,0
103717,0
122229,3
121614,3
110928,0
119774,0
102780,3
101360,3
103905,2
116784,2
107745,2
121977,0
118783,1
104279,3
108124,1
108813,1
112705,3
123772,0
112241,1
121427,2
122498,0
105579,2
106832,2
122563,2
102919,1
107191,2
116153,0
115453,1
100755,2
118247,0
118681,0
109814,0
110649,0
117137,3
107134,1
122019,1
124315,3
100171,3
112696,2
112238,0
112337,3
115473,3
117471,0
113139,2
101041,0
106768,3
119956,0
106400,2
119408,3
113739,3
102274,1
109453,3
113526,2
112367,2
109076,2
113798,1
110740,1
113544,3
121052,3
121888,2
112775,2
100197,2
113540,3
109858,3
104203,2
105759,3
117648,0
113364,0
106648,0
113715,3
103778,3
111740,3
114464,0
101011,1
118576,2
106237,0
119894,3
119768,1
108895,1
105556,0
120052,2
105707,3
106516,1
104051,2
106816,2
101705,0
117017,1
105685,0
120068,1
121088,2
105559,0
121099,0
106558,3
102965,1
100793,0
104021,3
118902,2
105960,2
108555,2
123937,1
103920,0
112770,0
113507,2
114569,3
110335,0
109488,1
119035,2
113381,3
110987,3
117509,1
116757,3
113999,1
101831,2
111370,1
111347,2
121252,3
106812,1
116381,3
119844,0
119292,2
100936,3
112379,3
119044,3
124786,3
105436,0
100294,3
107861,0
111627,0
102877,1
114085,2
105186,3
112806,2
106350,2
123419,0
121971,3
110308,2
117945,3
101245,3
102654,2
123753,2
121104,2
102736,0
122794,3
113002,1
116718,2
110273,2
111281,1
116181,1
110783,3
108627,2
122931,3
101527,2
119178,2
101143,0
120600,3
108004,1
103548,0
103094,2
109684,2
103677,3
103638,0
102864,2
100707,3
122067,3
124866,3
105555,0
113916,1
119523,2
103511,2
108859,2
100282,3
124151,1
109105,2
109747,2
102110,1
101559,3
107929,2
110976,2
122339,1
106133,2
104099,3
124476,3
112482,3
115030,0
101914,2
117218,3
123420,1
115760,0
115138,0
100621,2
103519,3
110324,0
109763,0
109204,1
121865,2
109501,1
120638,1
108717,2
118843,0
103916,0
105402,2
117891,2
102875,2
118048,0
123795,1
107923,2
103380,3
106273,3
124992,0
109306,0
123911,1
121235,2
116715,3
109147,0
116691,1
100487,0
102030,3
111192,1
115461,1
100972,3
123351,0
110019,3
100724,2
109876,2
122123,2
101551,0
111885,3
103334,0
122434,3
113324,0
103006,0
103535,0
107028,2
111776,1
106904,2
108734,1
118704,3
118866,3
108874,2
120637,1
108316,0
103465,1
105702,3
108955,0
114061,2
117423,3
103662,3
124243,2
106759,3
119866,3
120218,0
106330,2
117005,0
122252,1
119325,1
106035,2
101082,2
108180,0
114359,2
123722,0
112717,1
107469,1
106887,1
123468,2
121660,0
116879,0
104571,2
115878,2
112512,0
103757,1
101614,0
121586,3
113041,2
109252,2
122961,2
104936,2
113528,2
111170,3
115956,0
117266,1
120548,0
108504,2
105418,1
120076,3
116404,0
104495,3
123496,1
102980,3
115843,2
102658,3
107508,3
123047,3
107876,1
105779,0
115682,0
110744,1
111145,3
124680,0
110583,0
113940,2
100510,0
115772,1
111906,3
117151,2
106617,2
101046,0
119755,2
110038,1
123957,1
110936,2
123549,0
118434,3
113193,0
123234,3
113111,3
120977,1
102922,0
105503,3
116493,0
115227,1
124011,0
124187,1
124307,1
117594,0
117665,3
107286,1
102454,1
110510,1
124777,3
102639,1
117438,0
122501,2
104819,0
102098,1
103534,0
123173,3
100448,1
115133,3
119114,1
102376,3
114189,1
101602,3
109680,0
109881,2
104427,1
100326,0
116492,2
114945,1
113723,3
102171,0
115581,1
104823,2
123053,3
123799,1
100532,2
109987,1
112313,3
122457,0
119928,0
123095,2
122657,2
103682,1
112394,0
117675,0
107019,2
122537,0
111689,2
109866,2
120107,0
121967,2
123977,3
121869,1
113651,3
117745,1
121572,3
110589,0
118733,2
114838,2
110526,3
106764,2
114196,1
110495,0
103890,0
104992,0
117617,1
107943,3
109007,1
123241,3
100741,1
124581,1
109603,1
107675,2
104189,2
100439,3
102132,1
121178,0
113554,1
111982,1
101894,1
115181,2
111457,2
113460,1
100996,2
106941,3
110607,2
115223,3
121674,0
103831,0
113607,0
109948,3
103238,1
124873,1
117457,3
113068,2
106973,3
104194,2
113588,2
113226,2
120699,3
114219,1
101148,1
113970,3
122120,3
110482,2
112747,0
121527,0
102460,3
120642,3
121946,1
114090,3
117787,0
116843,3
107103,2
120122,1
116314,0
105500,0
114211,3
110970,2
100150,2
112371,1
111596,2
108812,2
107456,0
118945,3
106454,3
124429,3
105935,0
117971,1
120887,1
111139,2
106469,3
122180,3
112655,2
106194,2
104972,2
114280,0
109256,0
109068,0
123857,0
107882,1
123384,0
102697,0
105099,1
108379,3
111352,0
108653,2
107580,1
124154,1
114197,1
112933,3
109839,1
116599,3
115951,2
100083,2
107266,2
118254,2
110689,2
106934,1
110965,1
113437,1
115172,0
104617,3
111690,1
120026,2
116121,1
113537,2
103917,2
121579,2
113644,3
124483,0
105502,3
106065,1
121015,0
124313,1
107709,2
120267,1
120778,3
117284,2
108617,1
121693,2
119429,0
119425,1
107614,1
100834,1
109172,2
118588,2
106927,0
117864,3
122347,2
101228,3
108698,2
104044,3
110336,0
106064,0
111956,3
120505,3
117414,2
118837,3
120603,2
120348,3
112854,3
111562,2
105372,0
115041,3
110973,0
102678,3
124046,1
100016,3
108743,0
111011,0
123904,2
104306,0
117478,0
107578,2
119932,3
106156,2
101469,3
121484,3
107464,0
107867,2
116385,2
106532,2
120886,3
114708,0
118381,0
107681,2
119840,0
122384,1
105734,2
124049,1
115059,2
104286,0
121403,2
105133,2
113252,2
106732,0
121437,3
117726,3
101028,2
122140,0
112006,1
112686,1
109182,3
119276,0
100075,0
102902,3
110279,1
117236,0
105111,3
120004,1
118651,0
120090,3
115720,1
101511,2
109071,1
119612,3
109745,2
113927,0
114570,3
115084,0
104998,0
123114,1
106540,3
104592,2
110789,1
106279,2
119673,1
113841,2
113246,2
124683,0
122048,1
118398,0
108857,2
117472,1
101351,3
102181,3
106466,1
107405,1
123378,2
108444,3
116173,3
105481,2
120626,3
114516,0
115076,2
120904,2
122024,0
102405,2
104502,0
108585,2
100857,0
109163,2
120451,0
108909,2
116498,1
101949,3
107835,1
114199,1
122037,1
104542,1
113360,2
117786,1
114096,1
106290,0
114528,2
111049,1
114498,1
108820,3
115155,1
115975,2
115807,2
110670,3
107427,3
103839,0
119598,0
107528,3
120719,0
103485,0
117346,3
107718,0
120215,1
111987,1
115031,0
122890,2
113019,2
106048,3
103070,1
122182,2
120286,0
102534,0
103822,3
102077,2
108141,0
113496,2
116348,3
118019,3
118090,2
109851,0
101054,2
104270,0
100704,1
124484,3
100948,2
114257,1
102874,0
123358,0
105844,3
103552,2
103477,1
103345,1
117838,2
118169,2
112551,2
109925,1
124050,2
113316,3
103319,2
115119,0
100944,3
115412,2
114901,2
120757,0
108235,1
115428,1
100256,3
110948,0
115366,2
117319,1
117733,0
102246,2
112891,3
102938,3
101999,2
113346,0
119277,0
109903,1
106388,3
121522,3
117273,3
107261,2
108958,3
116863,3
106777,2
101294,2
124879,3
117731,3
118336,2
116030,0
117096,0
118122,1
107622,1
116192,3
120083,2
112069,0
112455,0
122741,1
115393,1
116645,0
103343,2
124533,0
121973,0
121976,0
105530,1
120268,1
122224,1
104723,3
107955,0
111389,1
101495,3
117887,1
109642,2
118340,3
108838,0
115491,2
122915,2
120888,1
110379,1
121021,3
115570,0
105625,3
117708,3
121728,3
121723,2
118356,2
116480,2
108030,1
104569,3
101130,3
110567,3
112558,3
119363,0
114845,1
106024,2
104491,1
117062,0
123054,1
118724,1
115750,2
116807,0
102165,0
120570,1
124475,2
105601,2
111556,2
104812,1
117483,0
109296,2
121697,0
104615,2
123686,1
116020,0
122010,0
100615,3
102813,0
105188,2
123815,2
111122,2
118811,1
103315,0
123720,0
121836,0
121003,1
110473,1
105963,3
113150,3
119832,2
116315,0
112938,1
102794,0
122357,1
120161,1
106849,3
109327,2
106684,1
106676,0
106696,0
104826,2
122964,3
117497,2
119119,0
109118,3
108278,3
117704,2
119739,1
113236,1
109730,1
100497,1
116304,0
105994,0
116423,0
116394,2
124149,0
101282,1
120593,3
124928,3
119607,2
101071,3
118265,0
117886,0
114461,0
110802,2
119286,2
112400,1
108476,3
103430,0
103321,1
115072,2
120428,3
110285,3
112443,3
108912,3
107234,3
112434,2
104869,2
120152,0
124920,0
117365,1
112053,2
103322,1
119003,3
119701,2
107732,3
122424,3
122637,2
112151,0
104949,3
112929,1
117890,0
114403,1
101160,2
119909,1
108723,3
119764,1
123837,3
104130,2
117685,0
106462,0
124467,1
123781,2
111165,2
104595,1
120256,1
123426,0
121500,2
110946,3
121313,2
112682,2
105696,2
118863,2
108580,2
100300,3
121145,2
113393,1
108519,2
111009,3
105537,3
115177,0
110028,2
120572,3
124801,3
119012,1
108549,1
106457,0
118583,1
100630,1
117256,1
122984,0
111823,1
114469,0
114067,0
119497,1
113963,1
115573,3
101162,0
112916,1
107952,2
118957,2
116565,3
108464,3
118105,3
124293,1
119776,2
113906,0
116760,1
122446,2
112172,3
124261,0
114598,1
116683,0
124013,0
107329,0
116025,2
110384,0
112622,2
116915,3
121909,0
103970,0
107127,2
111039,3
107113,2
123898,1
102560,3
104628,2
121432,3
116486,3
108031,1
102606,3
102738,2
102721,3
118955,2
100217,3
106467,2
124255,3
120958,2
119143,2
110415,2
116055,0
108113,3
111951,3
105631,3
113283,1
118855,3
105580,0
107146,3
120949,2
107532,3
120896,1
105275,1
118200,0
105322,2
112111,2
101093,0
110068,0
124445,2
102549,2
121959,1
101423,3
111464,3
111427,2
112292,1
120036,2
109560,0
109185,3
124822,3
112507,1
107282,2
110322,3
118830,1
109718,0
108636,1
123564,0
123941,1
113238,0
123959,0
124265,3
121592,3
119615,1
116441,1
100484,2
116444,0
109412,1
113484,2
105319,2
111771,3
116042,1
103484,2
101077,0
111367,2
105687,2
120946,1
115607,2
117994,2
106566,1
120848,1
102029,1
101192,1
124594,2
124730,3
110816,3
118063,1
108516,3
101012,1
115861,2
118190,0
122190,0
122986,0
116749,0
104550,1
114720,1
105482,3
124899,0
123989,0
113504,0
108786,3
121607,1
123231,2
103996,1
116588,3
117537,1
124133,3
120051,2
116342,1
109146,1
101575,0
121194,1
115210,1
123085,1
120182,1
102681,1
109201,3
122695,3
112664,3
118501,0
101564,2
102200,0
102378,2
111174,2
102508,1
111193,1
104708,2
114360,2
118027,1
121752,0
107680,1
108137,2
100611,1
108827,0
122734,3
113135,2
108764,3
124906,3
119695,1
100202,3
117260,0
110209,1
103850,1
123621,3
110900,3
105633,3
123640,3
115414,3
100788,2
101068,0
100917,3
123611,1
112408,3
109676,3
103561,0
107373,1
114729,2
123116,2
108461,3
121596,1
118533,1
116472,0
102590,1
114554,1
118103,0
114104,2
113806,0
122174,3
102921,3
101696,2
108708,3
121410,0
107729,0
104446,2
105527,2
118480,0
106721,0
103154,2
124704,0
120281,0
102402,2
118314,0
115811,2
107402,2
101979,2
108751,1
107816,3
122002,0
114205,2
107020,1
101982,1
101155,2
102972,3
119714,0
122365,0
100374,1
117046,0
114004,2
111610,1
100236,0
104872,3
111171,2
104460,3
115773,1
116551,2
115005,0
105939,1
101951,1
113825,0
110807,3
124988,2
105519,3
102895,1
109674,0
108518,1
118422,2
105128,0
115533,3
121452,0
118359,0
108684,0
100636,3
106069,1
113290,0
115028,2
119187,3
121349,0
121147,3
113680,1
120266,2
123061,3
122686,1
120265,2
116329,1
116095,0
115583,1
107268,3
110289,0
122755,1
117258,3
110623,3
102650,2
104596,1
108890,0
110746,3
105105,0
116933,1
124320,1
120716,3
113373,3
110766,2
120735,3
114330,0
110276,0
104861,1
104154,2
119221,1
115625,3
112008,0
108456,3
117032,1
124870,1
104335,1
109854,2
106112,1
123788,3
104693,2
100316,1
107837,0
100069,1
101343,0
124774,0
111376,1
102285,3
110718,3
116841,1
114979,2
121499,1
109894,3
119875,1
119466,3
105651,3
106166,0
105095,0
105343,2
103989,0
124215,3
122908,3
102566,1
114305,1
116089,2
105775,3
119009,1
105339,0
105787,0
101019,1
116415,3
124162,3
114775,3
122833,0
103173,2
112648,3
117196,1
107461,2
104283,3
103182,0
110658,0
117489,3
107336,3
100436,1
107501,0
122494,0
124262,0
106564,3
100537,3
113396,0
101755,3
102119,0
118444,1
109242,2
102914,0
119086,2
101368,1
112503,1
103175,2
101459,3
123509,0
111662,1
118406,0
116281,0
118895,2
124170,3
101303,1
111922,3
106991,2
105641,2
112828,1
111940,3
102521,2
104933,3
103705,2
118500,0
103144,2
121530,2
116859,3
102039,1
109996,0
108538,2
100191,3
121848,3
107104,3
117401,1
118874,3
104473,3
120686,3
108267,3
118740,2
110196,3
106608,1
102338,3
101665,0
123782,0
113021,2
102015,3
121168,0
114222,2
122025,0
104575,1
108657,0
121072,3
104590,2
119843,1
110964,3
120328,1
122747,3
121297,1
124489,2
103308,3
106694,0
113976,1
114238,0
100185,1
105262,1
114710,1
118936,0
114034,0
110801,0
118104,3
103819,3
112908,3
110080,3
113700,0
106353,3
111111,0
116167,1
119304,2
113886,1
124997,2
100840,2
118462,2
116985,0
113074,3
119087,1
110184,0
107677,0
109848,1
107617,2
100570,3
100238,3
108635,1
123251,3
109802,3
101484,2
103246,1
107222,3
105464,1
107192,2
111080,3
123984,0
102844,3
114223,2
104034,0
108470,0
107905,3
102634,0
102661,2
113271,1
106305,1
108583,1
116310,0
110397,1
122146,1
103802,2
119321,1
120202,1
120668,3
120722,0
120785,2
116850,0
106920,1
116956,2
109702,3
105988,2
106186,3
107636,1
118661,3
123484,3
105103,3
107519,3
117912,1
101027,2
124678,3
119795,1
116407,3
117530,0
119969,2
110664,2
124950,1
117688,3
108225,3
109541,1
115958,1
102728,0
109635,3
120835,3
100655,1
109935,2
101655,2
120229,0
123593,1
120802,2
100833,1
123846,1
101480,2
121705,2
100580,1
109132,0
100894,1
115053,2
108709,3
103143,2
108900,3
112787,0
118445,0
109385,0
103747,0
124437,2
120900,1
108630,2
113669,3
119880,3
123007,3
118006,0
122958,2
116037,1
110266,2
104205,3
113730,3
124291,1
103107,3
100848,1
118875,2
117818,1
122234,3
122163,1
107772,0
122427,0
110825,1
106833,2
106027,3
104481,0
108089,1
101138,3
124592,1
109328,1
123408,0
104096,2
115588,0
108114,3
118659,2
103483,1
109100,0
123674,3
116951,3
112553,0
101910,2
110293,3
100924,1
124410,1
110237,0
103241,3
119961,3
114682,0
106204,1
119560,3
110631,3
105295,3
121017,0
123610,2
113945,1
108984,2
117531,3
109316,1
109753,0
103641,3
104104,2
111470,2
113303,3
120661,2
101070,2
114930,3
103936,2
120602,3
122413,3
117125,0
113298,2
118832,3
106228,1
103508,3
118095,2
121312,2
124963,0
112114,0
116524,2
100414,3
103163,0
118941,2
119585,3
121001,0
119643,0
103198,2
100828,0
104830,0
111884,3
101706,2
106052,3
124967,1
108732,2
104806,1
122074,0
104525,1
101778,2
107474,0
119061,2
109638,1
114937,1
124828,1
104074,2
124505,0
121844,2
107980,3
103694,1
111359,0
114526,1
123696,2
102164,2
114539,1
109868,0
102662,0
101605,2
121475,1
100590,0
101702,2
102878,2
109788,3
110593,0
105563,1
106671,2
114620,0
114887,3
110794,2
117587,1
110392,2
119113,3
114071,1
100141,2
105406,2
114964,1
120817,1
115061,3
109222,3
103464,2
120147,0
117373,1
104997,2
104990,1
122065,3
104638,1
122399,0
122529,1
101198,1
110591,0
101345,3
114361,2
118655,3
118927,1
110119,1
117835,3
101336,1
114985,1
111475,1
115290,0
123159,2
118939,2
112776,2
116333,0
119970,0
105801,2
124369,2
115023,3
108690,1
114626,3
123217,0
100391,3
121121,0
116790,3
108169,1
113767,0
109289,2
102341,1
118473,3
124705,1
119724,0
112919,3
119135,2
119405,1
118273,2
117174,2
105335,3
100933,2
122677,2
109503,2
121215,0
107946,2
114586,1
122769,1
117812,0
110281,1
116633,2
113267,1
106865,3
119815,0
120060,0
118123,0
103639,3
112608,3
104112,2
121246,2
119180,0
117535,2
108205,0
117635,3
102287,1
112768,1
108738,1
114232,1
108401,0
108018,3
101991,1
114149,0
116378,0
116473,0
115357,0
100020,2
118722,1
100549,0
105231,0
118417,1
116983,0
108223,3
108238,1
100213,1
106235,1
119773,3
115258,0
100262,0
109318,2
119659,1
101191,3
104709,0
120643,2
122642,2
100939,0
115818,1
112157,1
114637,1
122857,1
121787,2
115217,2
107215,3
101383,1
108085,1
124814,3
105395,0
123037,1
105298,1
101678,1
108705,1
113076,0
103021,3
108966,0
104983,0
117158,3
119745,2
106860,2
100355,1
100716,2
109715,0
106383,2
104458,3
111395,0
116084,3
109818,2
117223,2
116104,2
109447,2
116913,1
119411,1
101268,2
115173,3
117543,0
102196,0
101195,3
105146,0
120432,1
101772,0
119538,1
109236,0
121179,3
110362,1
122305,2
109458,1
104781,1
124684,3
106500,2
109998,0
115376,0
109640,1
104685,0
108013,0
116811,0
101672,2
120990,0
116021,3
100843,2
112947,2
110910,0
111949,3
112003,2
116220,3
120988,0
100787,2
105762,1
117037,2
108178,2
111340,3
104480,3
102771,2
113404,2
100367,2
110792,2
101835,2
117862,3
123939,3
108526,2
123567,3
120805,0
108215,2
123641,1
104565,0
108129,0
120883,2
113205,3
124469,0
117566,0
105392,1
112923,3
111538,0
108345,0
107629,0
119296,0
107577,0
106110,1
117906,2
103024,3
117725,2
112721,1
105558,3
103478,0
115004,3
112262,3
124769,2
101254,1
124792,2
112462,2
115755,0
113939,3
114871,0
112202,3
118817,0
102393,1
118251,1
122571,0
124106,3
113354,0
118873,1
118249,1
120329,3
120174,0
115637,3
116148,1
118046,3
100771,3
110560,2
112139,1
119287,2
110315,0
121566,1
106303,3
112015,0
101267,2
102255,3
109392,3
108261,1
107061,2
114584,2
112824,0
101312,2
107790,3
109231,2
119247,2
109230,3
118083,1
110538,0
101733,2
123986,2
106594,0
108932,3
112170,3
113043,3
103266,3
122006,3
103981,1
100572,3
119299,0
118727,3
116764,2
110929,1
112904,2
123465,1
117980,2
103404,0
104080,0
120055,1
112113,3
113486,0
117066,1
112162,3
104820,0
111452,1
108474,0
110422,0
110530,3
110233,3
115099,2
113971,0
114039,2
107128,2
118751,3
120231,1
100752,0
100456,1
103027,3
100124,2
122676,0
106582,2
114384,1
121085,0
106624,0
111715,2
112711,0
119231,3
106428,2
102567,3
120385,0
122504,1
102909,1
108009,2
110618,1
115701,3
124690,3
109061,1
108313,3
115943,3
116890,0
107485,2
123557,3
117667,3
103297,3
120179,1
101845,0
112587,3
119182,0
100798,3
101768,2
122330,0
117329,0
123405,1
103356,1
107117,3
100601,2
117869,2
123480,3
110312,3
111873,0
116283,3
108816,0
120239,2
124270,0
114329,0
101813,0
113650,2
105757,1
101970,0
110373,3
103240,1
124553,3
100060,3
100109,1
104318,0
100739,3
107664,3
116483,1
117943,0
112989,0
119034,2
119761,0
102807,1
103947,0
102386,2
104083,1
102036,2
111682,1
123790,2
108016,0
123571,2
116182,2
104388,1
106317,1
107393,1
100888,2
107263,3
106651,1
102637,1
103558,0
121308,2
114741,3
115629,0
106988,3
117751,0
100446,2
123255,0
114785,2
106562,0
118111,2
107257,0
101101,0
114929,0
114912,3
124004,1
104916,2
102810,3
117800,3
104454,1
116425,2
101327,0
104326,0
110633,3
119060,3
108507,1
102086,1
102087,3
119235,3
119200,1
102349,0
123192,2
113207,3
102835,3
